playerID,yearID,stint,teamID,lgID,G,AB,R,H,2B,3B,HR,RBI,SB,CS,BB,SO,IBB,HBP,SH,SF,GIDP,
hawkila01,1999,1,MIN,AL,90,3,0,0,0,0,0,0,0,0,0,2,0,0,0,0,0,0
giambja01,1999,1,OAK,AL,2260,7267,1227,2010,405,9,440,1441,20,12,1366,1572,97,180,2,93,166,0.276592817
jeterde01,2012,1,NYA,AL,2747,11195,1923,3465,544,66,260,1311,358,97,1082,1840,39,170,97,58,287,
wrighja01,2001,1,MIL,NL,386,442,26,64,15,1,1,17,0,0,12,178,0,0,51,0,3,
ibanera01,2008,1,SEA,AL,2161,7471,1055,2034,424,51,305,1207,50,29,713,1374,83,29,2,63,166,
abreubo01,2008,1,NYA,AL,2425,8480,1453,2470,574,59,288,1363,400,128,1476,1840,115,33,7,85,165,
colonba01,2014,1,NYN,NL,401,156,4,12,1,0,0,5,0,0,0,87,0,1,12,1,1,
hunteto01,2013,1,DET,AL,2232,8336,1229,2327,476,39,331,1310,193,94,626,1636,51,91,6,66,248,
ortizda01,2005,1,BOS,AL,2111,7575,1267,2159,547,18,466,1533,15,8,1162,1569,178,36,2,76,198,
konerpa01,2001,1,CHA,AL,2349,8393,1162,2340,410,8,439,1412,9,4,921,1391,80,104,1,86,282,
ramirar01,2001,1,PIT,NL,2057,7661,1055,2186,464,23,369,1342,28,18,602,1170,55,122,3,82,210,
beltrad01,2013,1,TEX,AL,2424,9145,1256,2604,528,31,395,1384,117,41,686,1453,98,78,14,78,231,
gonzaal02,2011,1,ATL,NL,1609,5776,667,1418,332,31,157,690,30,22,300,1168,48,79,50,43,138,
chenbr01,2001,1,PHI,NL,266,121,5,16,1,0,0,3,0,0,2,58,0,0,18,0,1,
chaveer01,2005,1,OAK,AL,1615,5518,816,1477,318,24,260,902,50,17,639,1079,77,15,0,55,132,
pierzaj01,2008,1,CHA,AL,1865,6636,754,1867,368,23,177,837,14,21,283,829,65,119,28,52,209,
beltrca01,1999,1,KCA,AL,2173,8271,1392,2322,469,77,373,1376,311,49,971,1507,95,44,18,94,163,
nathajo01,2000,1,SFN,NL,39,60,4,10,3,0,2,4,0,0,3,15,0,0,9,1,1,
farnsky01,1999,1,CHN,NL,149,51,3,4,1,0,0,2,0,0,2,18,0,1,8,0,0,
hudsoti01,2010,1,ATL,NL,465,575,32,91,17,1,3,41,0,0,25,179,0,2,64,2,12,
wolfra02,2010,1,MIL,NL,392,694,62,128,33,0,5,58,2,1,32,231,0,2,79,8,13,
mcdonjo03,2007,1,TOR,AL,1100,2434,276,568,105,14,28,210,34,19,118,379,5,23,57,18,48,
burneaj01,2005,1,FLO,NL,377,450,19,51,8,3,3,14,0,0,20,220,0,2,48,0,8,
carlybu01,2007,1,ATL,NL,118,57,6,10,0,0,0,4,0,0,3,17,0,0,7,0,2,
molinjo01,2013,1,TBA,AL,947,2546,240,592,117,3,39,223,20,7,154,576,3,26,54,15,78,
soriaal01,2002,1,NYA,AL,1975,7750,1152,2095,481,31,412,1159,289,84,496,1803,68,86,9,54,123,
furcara01,2003,1,ATL,NL,1614,6477,1063,1817,311,69,113,587,314,94,643,910,24,22,55,39,84,
pennybr01,2003,1,FLO,NL,351,529,27,83,17,2,3,34,0,0,3,173,0,3,43,0,4,
downssc01,2000,1,CHN,NL,31,43,3,3,0,0,0,1,0,0,3,17,0,0,10,0,0,
grillja01,2001,1,FLO,NL,108,15,1,3,0,0,1,3,0,0,0,3,0,0,3,0,1,
arroybr01,2006,1,CIN,NL,380,602,35,77,16,0,6,29,1,0,14,265,0,1,82,3,8,
choatra01,2001,1,NYA,AL,37,3,0,0,0,0,0,0,0,0,0,2,0,0,0,0,0,
buehrma01,2012,1,MIA,NL,426,118,4,8,2,0,1,3,0,0,1,55,0,0,12,0,1,
vogelry01,2014,1,SFN,NL,231,256,20,37,8,0,0,9,0,0,14,107,0,4,31,1,4,
rolliji01,2007,1,PHI,NL,2090,8628,1325,2306,479,111,216,887,453,95,753,1145,52,38,41,51,122,
nadyxa01,2007,1,PIT,NL,960,2968,364,796,159,7,104,410,19,8,189,626,15,58,7,18,95,
pujolal01,2014,1,LAA,AL,2117,7943,1514,2519,561,16,520,1603,98,38,1115,906,286,92,1,90,297,
suzukic01,2004,1,SEA,AL,2204,8964,1303,2844,336,85,112,717,487,109,565,944,178,51,41,42,78,
beimejo01,2001,1,PIT,NL,200,42,3,10,1,0,0,1,0,0,2,16,0,0,6,0,0,
uribeju01,2002,1,COL,NL,1634,5563,665,1428,297,43,178,748,46,39,339,1095,21,41,63,53,136,
sabatcc01,2008,2,MIL,NL,424,111,7,25,3,0,3,15,0,0,1,30,0,0,3,0,6,
dickera01,2012,1,NYN,NL,195,201,13,35,3,0,0,11,0,0,4,35,0,1,26,0,5,
chaveen01,2004,1,MON,NL,1151,3149,385,849,140,34,30,266,106,42,180,356,12,2,86,19,61,
roberbr01,2004,1,BAL,AL,1418,5531,850,1527,367,39,97,542,285,73,609,844,26,13,48,49,82,
lohseky01,2012,1,SLN,NL,407,470,20,69,8,0,0,30,0,1,9,153,0,4,72,3,4,
dunnad01,2004,1,CIN,NL,2001,6883,1097,1631,334,10,462,1168,63,25,1317,2379,122,86,2,40,100,
balfogr01,2012,1,OAK,AL,75,1,0,0,0,0,0,0,0,0,0,1,0,0,0,0,0,
benoijo01,2004,1,TEX,AL,53,8,1,0,0,0,0,0,0,0,0,4,0,0,0,0,0,
beckejo02,2005,1,FLO,NL,314,289,19,41,12,0,3,18,0,0,12,110,0,0,33,1,4,
penaca01,2012,1,TBA,AL,1493,4949,745,1146,231,26,286,818,29,22,817,1577,51,75,6,45,71,
puntoni01,2007,1,MIN,AL,1163,3253,421,798,141,27,19,263,104,36,386,651,9,3,63,29,63,
overbly01,2006,1,TOR,AL,1587,5102,645,1355,356,12,151,675,19,7,638,1108,57,18,3,35,149,
cuddymi01,2010,1,MIN,AL,1419,5109,765,1424,315,41,187,753,73,22,503,1013,36,45,4,33,170,
lewisco01,2011,1,TEX,AL,109,24,1,7,1,0,0,5,0,0,0,8,0,0,1,0,0,
affelje01,2003,1,KCA,AL,324,13,0,3,0,0,0,2,0,0,2,4,0,0,0,0,0,
ellisma01,2007,1,OAK,AL,1435,5117,690,1343,257,25,105,550,82,29,438,801,20,75,59,39,89,
bedarer01,2012,1,PIT,NL,175,60,2,9,1,0,0,1,0,0,2,22,0,0,8,0,0,
soriara01,2002,1,SEA,AL,11,4,0,0,0,0,0,0,0,0,0,1,0,0,0,0,0,
laneja01,2005,1,HOU,NL,500,1211,165,292,64,7,61,189,10,6,123,258,2,13,4,15,22,
santira01,2003,1,DET,AL,920,2436,295,592,85,18,30,214,30,15,203,420,2,55,84,16,38,
haranaa01,2007,1,CIN,NL,352,621,12,57,7,0,1,21,0,0,4,275,0,2,60,1,9,
ludwiry01,2008,1,SLN,NL,1065,3549,454,923,201,8,154,587,17,20,339,888,16,45,10,30,64,
perezol01,2004,1,PIT,NL,208,341,13,54,1,0,0,15,3,1,14,116,0,0,39,2,2,
peavyja01,2007,1,SDN,NL,320,456,41,75,15,1,2,27,0,2,19,136,0,3,46,2,6,
lackejo01,2014,2,SLN,NL,317,58,3,6,2,0,0,2,0,0,0,19,0,0,7,0,0,
rossda01,2007,1,CIN,NL,744,1955,224,455,101,5,95,273,2,4,237,620,17,17,26,21,45,
crawfca02,2005,1,TBA,AL,1617,6393,971,1868,298,120,132,744,470,106,363,1015,23,46,34,47,73,
nievewi01,2009,1,WAS,NL,421,1151,87,280,54,2,9,110,3,2,60,224,11,6,16,13,39,
scutama01,2010,1,BOS,AL,1391,4887,683,1355,269,21,77,509,55,22,474,570,7,22,58,45,117,
crispco01,2005,1,CLE,AL,1420,5358,812,1447,275,53,117,578,297,74,502,762,16,5,76,49,82,
figgich01,2005,1,LAA,AL,1282,4701,708,1298,188,58,35,403,341,119,540,832,6,10,69,40,73,
werthja01,2009,1,PHI,NL,1282,4376,713,1207,246,20,186,659,123,18,620,1158,31,56,4,37,70,
bloomwi01,2009,1,KCA,AL,1020,2822,396,767,109,23,18,221,132,50,187,481,7,15,25,15,47,
infanom01,2011,1,FLO,NL,1344,4697,554,1298,228,45,80,487,78,31,278,684,11,14,60,45,81,
byrdma01,2014,1,PHI,NL,1404,4958,671,1378,280,34,131,618,54,30,342,1051,27,89,17,44,104,
martivi01,2013,1,DET,AL,1459,5445,740,1668,344,3,189,927,7,7,581,637,96,35,0,67,193,
phillbr01,2007,1,CIN,NL,1460,5645,777,1530,281,31,174,755,161,65,350,876,29,72,34,52,172,
leecl02,2011,1,PHI,NL,311,291,18,51,7,1,2,19,2,2,5,110,0,0,24,1,3,
olivomi01,2011,1,SEA,AL,1124,3765,435,905,177,26,145,490,53,34,158,1060,19,29,17,24,77,
rodrifr03,2011,1,NYN,NL,73,2,0,1,0,0,0,0,0,0,0,1,0,0,0,0,0,
teixema01,2005,1,TEX,AL,1635,6157,999,1683,370,18,363,1175,22,7,812,1251,84,103,0,57,144,
lopezja02,2003,1,COL,NL,259,10,1,1,0,0,0,1,0,0,0,4,0,0,1,0,0,
victosh01,2009,1,PHI,NL,1228,4452,712,1233,227,68,107,482,224,46,365,594,11,76,49,18,56,
utleych01,2006,1,PHI,NL,1478,5499,926,1569,334,48,228,886,139,18,603,923,55,169,4,60,80,
johnsre02,2004,1,TOR,AL,1303,3608,518,1009,214,23,65,405,41,29,181,722,11,133,25,21,77,
willije02,2003,1,SFN,NL,154,134,4,16,3,0,0,4,0,1,1,59,0,1,23,0,0,
lairdge01,2009,1,DET,AL,798,2450,314,597,137,9,38,238,21,11,193,494,8,32,35,22,58,
capuach01,2005,1,MIL,NL,243,370,16,46,10,0,1,20,0,0,9,176,0,1,38,2,3,
morneju01,2008,1,MIN,AL,1438,5328,737,1498,325,19,238,945,5,10,548,911,89,44,0,72,131,
reyesjo01,2005,1,NYN,NL,1446,6087,973,1772,312,115,111,568,455,111,468,685,53,9,35,31,65,
peraljh01,2008,1,CLE,AL,1540,5677,737,1516,333,22,177,773,16,23,532,1270,18,32,13,54,170,
cabremi01,2012,1,DET,AL,1819,6829,1165,2186,464,15,390,1369,37,19,859,1318,190,50,5,68,234,
harenda01,2008,1,ARI,NL,354,365,27,77,25,0,2,34,0,0,12,105,0,2,31,3,6,
rossco01,2009,1,FLO,NL,1064,3431,446,902,211,13,132,505,33,13,279,794,18,40,4,27,77,
correke01,2009,1,SDN,NL,358,294,12,35,6,0,0,13,0,2,11,124,0,0,44,0,1,
greggke01,2006,1,LAA,AL,106,5,0,0,0,0,0,0,0,0,0,4,0,0,0,0,0,
dejesda01,2007,1,KCA,AL,1360,4932,713,1367,279,63,94,543,63,60,489,786,20,102,43,33,98,
quinthu01,2010,1,HOU,NL,471,1346,95,315,61,2,20,127,1,3,47,294,9,15,11,4,47,
barmecl01,2009,1,COL,NL,1088,3598,410,884,194,16,86,399,43,29,206,679,30,56,57,26,54,
hillko01,2009,1,CHN,NL,341,951,83,197,44,4,8,77,3,1,77,274,13,2,12,7,23,
belisma01,2007,1,CIN,NL,519,84,2,7,3,0,0,3,1,0,3,46,0,1,18,0,2,
jacksed01,2012,1,WAS,NL,267,247,19,42,3,0,2,11,0,1,11,100,0,0,22,1,0,
gomesjo01,2010,1,CIN,NL,1108,3231,466,787,148,14,155,500,49,23,386,1007,18,80,2,48,46,
weeksri01,2010,1,MIL,NL,1142,4056,684,1009,203,32,148,430,126,32,492,1102,13,125,9,18,66,
bautijo02,2010,1,TOR,AL,1250,4173,702,1076,214,13,246,679,50,22,684,904,50,58,23,38,112,
mauerjo01,2012,1,MIN,AL,1298,4833,748,1540,309,22,109,689,46,16,676,660,115,18,4,47,149,
larocad01,2012,1,WAS,NL,1478,5164,711,1363,319,13,243,838,13,11,600,1274,67,20,5,56,118,
hollima01,2007,1,COL,NL,1590,5972,1032,1837,412,30,271,1056,105,36,670,1110,51,107,1,36,188,
blancan01,2010,1,TEX,AL,260,638,69,164,32,5,4,50,1,9,35,83,5,7,23,4,14,
gonzaad01,2007,1,SDN,NL,1492,5600,823,1635,351,12,262,966,6,3,634,1100,135,34,4,58,158,
hairssc01,2012,1,NYN,NL,923,2431,300,589,133,17,106,313,36,11,175,577,5,21,10,23,41,
adamsmi03,2008,1,SDN,NL,54,2,0,0,0,0,0,0,0,0,0,0,0,0,0,0,0,
greinza01,2014,1,LAN,NL,269,223,20,49,14,0,4,11,3,0,15,43,0,1,23,1,3,
germaju01,2007,1,SDN,NL,60,67,4,10,2,0,0,3,0,0,4,31,0,0,17,0,0,
hartco01,2008,1,MIL,NL,1012,3674,546,997,220,33,160,529,85,40,285,833,15,51,15,31,85,
riosal01,2007,1,TOR,AL,1586,6034,845,1680,352,61,165,762,244,77,385,1050,24,40,2,55,183,
burnese01,2004,1,PIT,NL,140,27,2,2,1,0,0,0,0,0,3,8,0,0,2,0,0,
molinya01,2013,1,SLN,NL,1328,4569,451,1297,247,3,96,584,41,27,356,462,41,42,40,39,173,
guerrma02,2013,1,LAN,NL,34,1,0,0,0,0,0,0,0,0,0,1,0,0,0,0,0,
buckjo01,2011,1,FLO,NL,1090,3612,389,844,172,9,134,491,6,12,307,959,23,51,13,26,86,
willijo03,2007,1,FLO,NL,1147,3912,564,988,216,15,195,632,35,9,553,1036,22,112,2,36,87,
sizemgr01,2006,1,CLE,AL,1004,3874,636,1029,235,47,144,485,140,44,463,892,34,65,8,18,46,
wrighda03,2008,1,NYN,NL,1508,5707,907,1702,375,26,230,939,191,62,713,1201,73,45,0,65,148,
quallch01,2009,1,ARI,NL,128,4,0,0,0,0,0,0,0,0,0,3,0,0,0,0,0,
atchisc01,2007,1,SFN,NL,22,2,0,0,0,0,0,0,0,0,0,1,0,0,0,0,0,
uptonbj01,2012,1,TBA,AL,1233,4478,636,1090,235,25,139,508,264,81,531,1344,20,22,19,38,91,
bartlja01,2011,1,SDN,NL,892,3141,435,849,156,26,31,286,123,37,275,526,8,48,31,26,61,
garcija01,2012,1,SFN,NL,127,4,0,1,0,0,0,1,0,0,0,1,0,0,0,0,0,
delarjo01,2014,1,COL,NL,205,292,16,38,4,0,0,18,0,0,4,128,0,0,26,1,2,
kazmisc01,2010,1,LAA,AL,174,21,0,2,0,0,0,1,0,0,0,8,0,0,1,0,1,
youngch03,2006,1,SDN,NL,182,202,10,29,6,1,1,14,0,0,10,81,0,1,27,1,4,
bellhe01,2005,1,NYN,NL,109,4,0,0,0,0,0,0,0,0,0,1,0,0,0,0,0,
francje01,2007,1,COL,NL,240,303,18,35,7,0,0,16,0,0,25,102,0,1,53,4,6,
izturma01,2011,1,LAA,AL,909,3013,406,810,159,17,39,334,93,33,267,355,11,24,22,24,61,
guthrje01,2012,1,COL,NL,255,56,3,5,2,0,0,1,0,0,1,27,0,1,5,0,1,
kubelja01,2010,1,MIN,AL,1036,3480,442,913,187,19,140,564,12,7,355,834,34,11,3,34,89,
howarry01,2009,1,PHI,NL,1331,4909,760,1303,238,20,334,1058,12,4,655,1591,150,53,0,49,98,
swishni01,2010,1,NYA,AL,1451,5150,791,1295,298,11,239,778,13,15,782,1319,41,53,13,50,122,
floydga01,2006,1,PHI,NL,162,73,0,5,0,0,0,0,0,0,2,42,0,0,2,0,0,
quirogu01,2008,1,BAL,AL,148,346,24,69,18,0,3,34,1,0,22,85,1,5,4,2,8,
navardi01,2014,1,TOR,AL,854,2732,279,697,122,4,66,312,13,10,225,418,19,17,29,22,75,
dobbsgr01,2011,1,FLO,NL,959,2097,204,548,106,9,46,274,14,6,132,402,24,13,4,26,44,
raburry01,2011,1,DET,AL,727,2011,281,508,120,8,74,293,16,9,155,534,7,20,9,13,46,
grandcu01,2009,1,DET,AL,1342,5002,853,1285,226,82,237,672,130,36,593,1308,17,40,29,34,40,
murphdo01,2013,1,CHN,NL,335,838,102,178,46,4,33,119,7,4,64,264,3,16,5,8,15,
leagubr01,2014,1,LAN,NL,63,2,0,0,0,0,0,0,0,0,0,1,0,0,0,0,0,
riverre01,2014,1,SDN,NL,224,615,51,140,31,2,15,66,1,0,41,165,4,5,7,5,11,
hardyjj01,2012,1,BAL,AL,1259,4735,606,1234,235,13,167,579,8,8,353,756,23,14,36,28,124,
bakerje03,2008,1,COL,NL,707,1721,233,459,105,15,51,227,14,1,131,447,6,9,1,16,55,
streehu01,2011,1,COL,NL,106,2,0,0,0,0,0,0,0,0,0,1,0,0,0,0,0,
choosh01,2012,1,CLE,AL,976,3577,555,1010,216,22,117,467,108,43,507,898,34,93,4,25,57,
cedenro02,2006,1,CHN,NL,875,2565,265,629,116,20,40,239,39,25,146,567,22,15,54,12,66,
canoro01,2009,1,NYA,AL,1531,5931,876,1836,412,30,218,904,48,31,411,757,85,60,10,44,190,
bakersc02,2009,1,MIN,AL,181,29,1,3,1,0,0,0,0,0,0,12,0,0,5,0,0,
nunezle01,2011,1,FLO,NL,68,1,0,0,0,0,0,0,0,0,0,0,0,0,0,0,0,
staufti01,2011,1,SDN,NL,184,140,7,21,3,0,0,12,0,0,4,63,0,1,17,1,1,
santaer01,2014,1,ATL,NL,219,88,8,11,2,0,0,3,0,0,2,43,0,0,9,0,2,
hillaa01,2009,1,TOR,AL,1284,4887,649,1321,291,21,145,611,63,31,360,721,19,51,19,38,117,
mccarbr01,2013,1,ARI,NL,92,74,0,5,0,0,0,3,0,0,3,30,0,0,6,0,0,
penabr01,2014,1,CIN,NL,521,1461,119,375,75,2,23,146,4,7,75,178,5,5,9,19,46,
rodriwa01,2010,1,HOU,NL,263,445,23,59,10,0,0,21,0,0,10,130,0,0,53,1,4,
peraljo01,2010,1,WAS,NL,39,3,0,0,0,0,0,0,0,0,0,2,0,0,0,0,0,
johnsda06,2007,1,OAK,AL,430,1362,178,321,61,2,57,201,1,1,212,240,8,7,0,22,34,
johnske05,2010,1,ARI,NL,1157,3929,569,983,205,40,131,469,81,35,468,999,15,26,28,19,56,
morsemi01,2011,1,WAS,NL,704,2296,281,645,131,7,99,333,6,6,152,576,7,43,0,18,72,
doumiry01,2013,1,MIN,AL,980,3093,350,818,191,7,104,413,12,6,232,621,28,53,3,26,89,
martean01,2008,1,CLE,AL,308,854,86,186,45,6,21,99,1,6,67,180,1,4,8,7,17,
schumsk01,2008,1,SLN,NL,1018,3008,393,846,149,13,27,263,24,15,257,425,12,14,19,15,66,
mccanbr01,2008,1,ATL,NL,1245,4358,521,1185,242,3,199,736,23,8,446,707,62,42,9,37,132,
wilsocj01,2013,1,LAA,AL,166,23,3,2,0,1,0,0,0,0,3,9,0,0,4,0,0,
howeljp01,2007,1,TBA,AL,92,10,1,2,0,0,0,1,0,0,0,4,0,0,0,0,0,
boyerbl01,2009,3,ARI,NL,160,7,0,0,0,0,0,0,0,0,0,5,0,0,1,0,0,
fieldpr01,2013,1,DET,AL,1364,4882,755,1389,277,10,288,886,18,11,751,1004,149,106,0,51,125,
hillri01,2007,1,CHN,NL,79,114,1,14,3,0,0,6,0,0,2,51,0,0,6,0,1,
encared01,2012,1,TOR,AL,1207,4280,636,1135,246,8,229,704,51,11,498,768,38,67,0,32,110,
mclouna01,2008,1,PIT,NL,1045,3257,521,803,191,19,101,333,133,24,366,639,23,59,36,19,41,
dukeza01,2006,1,PIT,NL,295,317,17,57,7,0,2,23,0,0,12,117,0,0,43,2,2,
verlaju01,2014,1,DET,AL,266,31,1,2,0,0,0,0,0,0,0,15,0,0,9,0,1,
whiteel03,2011,1,SFN,NL,216,514,52,108,22,4,10,45,4,3,31,138,4,9,4,4,17,
cabreme01,2011,1,KCA,AL,1211,4410,606,1262,236,35,88,520,92,34,350,581,33,19,40,38,103,
francje02,2006,1,ATL,NL,1237,4627,559,1211,250,25,140,619,52,35,251,913,46,59,1,48,111,
vargaja01,2005,1,FLO,NL,151,61,6,16,3,0,0,4,0,0,3,16,0,0,2,0,0,
evelada01,2011,1,LAN,NL,46,21,0,1,0,0,0,0,0,0,2,13,0,0,3,0,1,
breslcr01,2012,1,ARI,NL,40,3,0,0,0,0,0,0,0,0,0,2,0,0,0,0,0,
broxtjo01,2008,1,LAN,NL,138,4,0,0,0,0,0,0,0,0,2,2,0,0,1,0,1,
mcgowdu01,2007,1,TOR,AL,100,14,1,2,0,0,0,0,0,0,0,7,0,0,1,0,1,
quintom01,2013,1,NYN,NL,402,1035,118,228,43,5,8,74,5,3,96,238,12,3,23,5,24,
hernafe02,2011,1,SEA,AL,260,33,2,3,1,0,0,3,0,0,2,16,0,0,4,0,0,
mathije01,2008,1,LAA,AL,634,1819,183,356,75,2,41,207,9,8,140,569,13,13,48,18,21,
saundjo01,2011,1,ARI,NL,151,128,3,17,1,0,0,6,1,0,6,34,0,0,15,1,1,
cainma01,2012,1,SFN,NL,288,536,25,67,10,1,6,26,0,0,21,262,0,1,67,1,1,
volqued01,2008,1,CIN,NL,172,271,15,23,2,0,1,8,0,0,7,138,0,0,43,0,1,
maholpa01,2008,1,PIT,NL,273,478,20,52,4,0,2,18,0,0,24,252,0,0,35,0,9,
feldmsc01,2013,1,CHN,NL,180,57,3,9,3,0,1,9,0,0,0,22,0,0,5,0,0,
zimmery01,2007,1,WAS,NL,1198,4643,690,1326,295,18,184,710,36,14,477,904,40,19,1,42,148,
liriafr01,2013,1,PIT,NL,191,109,1,10,0,0,0,3,0,0,8,41,0,0,12,0,4,
denorch01,2013,1,SDN,NL,705,1950,271,530,92,16,38,178,56,19,172,352,7,8,11,13,48,
wilsojo03,2010,1,SEA,AL,410,1057,100,239,51,7,10,79,14,4,54,232,1,23,11,4,24,
wainwad01,2009,1,SLN,NL,300,510,35,103,25,1,6,39,0,2,19,164,0,0,41,2,6,
cruzne02,2014,1,BAL,AL,963,3504,491,940,203,10,197,597,69,28,305,851,27,22,2,26,74,
ramirha01,2007,1,FLO,NL,1223,4677,822,1403,303,30,191,654,261,83,506,875,50,52,11,26,83,
gorzeto01,2007,1,PIT,NL,256,216,6,20,0,0,0,13,0,0,9,101,0,1,23,0,3,
sotoge01,2008,1,CHN,NL,679,2214,272,549,133,4,92,322,3,4,280,579,17,15,4,18,68,
kinslia01,2014,1,DET,AL,1227,4885,848,1333,289,27,173,631,187,46,491,647,9,62,32,47,114,
markani01,2014,1,BAL,AL,1365,5331,749,1547,316,16,141,658,61,25,553,774,40,33,4,45,131,
paganan01,2012,1,SFN,NL,862,3077,458,872,175,47,49,322,149,43,245,479,17,3,21,25,31,
ugglada01,2007,1,FLO,NL,1279,4639,747,1127,234,16,233,690,26,20,607,1301,22,69,12,41,71,
loneyja01,2014,1,TBA,AL,1239,4319,473,1233,235,20,95,603,36,17,358,581,53,14,7,34,135,
nolasri01,2008,1,FLO,NL,256,371,19,51,12,0,1,26,0,0,21,173,0,1,62,0,6,
marshse01,2006,1,CHN,NL,214,101,6,16,1,0,1,5,0,0,2,48,0,0,8,0,1,
hammeja01,2010,1,COL,NL,173,202,9,24,3,0,1,9,0,0,5,88,0,0,31,0,3,
ramirra02,2006,1,COL,NL,127,5,0,2,0,0,0,0,0,0,0,2,0,0,1,0,0,
carmofa01,2014,1,PHI,NL,183,67,1,4,0,0,0,2,0,0,0,35,0,0,11,0,0,
ishiktr01,2009,1,SFN,NL,444,881,108,228,46,5,22,129,3,2,76,237,10,9,6,6,19,
wilsobr01,2010,1,SFN,NL,169,9,0,0,0,0,0,0,0,0,0,2,0,0,0,0,2,
pradoma01,2012,1,ATL,NL,981,3691,487,1075,230,22,78,426,36,25,270,441,8,18,23,34,119,
kendrho01,2014,1,LAA,AL,1081,4117,534,1204,249,30,78,501,95,36,211,761,27,45,23,23,127,
frandke01,2007,1,SFN,NL,506,1234,133,320,57,5,15,110,7,5,63,125,5,36,10,6,48,
ethiean01,2009,1,LAN,NL,1275,4347,582,1238,281,27,145,629,27,25,470,847,64,54,2,41,92,
napolmi01,2013,1,BOS,AL,985,3183,499,819,171,8,186,527,30,18,466,993,23,53,2,27,77,
martiru01,2008,1,LAN,NL,1163,4000,550,1035,191,7,119,540,93,40,539,732,41,67,10,24,135,
ruizca01,2011,1,PHI,NL,935,2929,347,795,194,6,63,367,20,8,334,385,59,65,23,20,85,
hamelco01,2008,1,PHI,NL,282,568,36,99,14,2,1,28,1,3,17,240,0,3,58,2,5,
petityu01,2009,1,ARI,NL,119,103,5,5,0,0,0,3,0,0,3,44,0,0,5,0,2,
aybarer01,2014,1,LAA,AL,1064,3830,498,1062,192,42,45,373,126,47,201,470,9,38,62,28,75,
moralke01,2013,1,SEA,AL,718,2589,308,702,150,4,110,387,4,12,192,502,26,21,0,18,83,
villaca01,2013,1,CHN,NL,390,108,6,11,0,0,0,4,0,0,3,52,0,0,15,0,1,
hannaja01,2008,1,OAK,AL,614,1650,167,381,93,5,29,175,6,4,193,440,5,11,10,12,39,
weaveje02,2010,1,LAA,AL,246,34,3,4,0,0,0,1,0,0,2,14,0,0,0,0,0,
kempma01,2009,1,LAN,NL,1116,4069,650,1188,215,33,182,648,170,59,364,1064,55,19,1,43,104,
shielja02,2011,1,TBA,AL,287,47,7,10,1,0,0,4,0,0,2,13,0,0,1,0,1,
marmoca01,2006,1,CHN,NL,101,30,3,6,1,0,1,1,0,0,0,10,0,0,2,0,1,
lestejo01,2013,1,BOS,AL,241,36,0,0,0,0,0,1,0,0,1,22,0,0,5,1,1,
mujiced01,2009,1,SDN,NL,199,11,1,2,0,0,0,0,0,0,0,4,0,0,2,0,0,
sanchan01,2010,1,FLO,NL,185,241,7,22,1,1,0,7,0,0,16,112,0,0,31,0,1,
masseni01,2008,2,CIN,NL,10,2,0,0,0,0,0,0,0,0,0,2,0,0,0,0,0,
pelfrmi01,2010,1,NYN,NL,182,265,13,26,5,0,0,13,0,0,13,71,0,2,24,1,4,
jonesad01,2013,1,BAL,AL,1105,4182,601,1169,204,24,169,577,81,31,195,871,11,70,6,34,102,
drewst01,2008,1,ARI,NL,1021,3782,489,970,224,61,97,442,41,16,374,803,32,10,18,34,36,
gwynnto02,2009,1,SDN,NL,685,1600,192,381,48,23,7,98,80,26,161,297,11,6,23,8,16,
quentca01,2008,1,CHA,AL,834,2790,416,702,173,6,154,491,16,9,298,516,10,127,2,30,79,
alberma01,2007,1,HOU,NL,35,33,0,2,0,0,0,0,0,0,0,20,0,0,3,0,0,
johnsji04,2014,1,OAK,AL,38,1,0,0,0,0,0,0,0,0,0,1,0,0,0,0,0,
bournmi01,2012,1,ATL,NL,1107,3984,591,1072,163,61,31,293,309,82,371,925,13,19,36,18,26,
roberry01,2011,1,ARI,NL,517,1499,205,365,71,4,46,169,35,20,166,319,5,7,9,10,27,
zobribe01,2013,1,TBA,AL,1064,3850,565,1016,229,32,114,511,102,35,542,701,23,21,19,46,72,
callaal01,2009,1,KCA,AL,996,3326,371,887,163,14,51,354,22,14,322,331,19,6,9,32,98,
garzama01,2011,1,CHN,NL,198,172,5,15,3,0,0,3,0,0,3,104,0,2,20,0,1,
davisra01,2010,1,OAK,AL,955,2892,415,782,160,27,35,275,304,79,173,526,4,33,15,21,51,
youngch04,2008,1,ARI,NL,1103,3833,539,897,236,20,155,486,130,41,428,977,14,27,13,28,45,
pedrodu01,2008,1,BOS,AL,1151,4580,723,1371,320,13,106,546,125,37,473,479,20,34,21,49,111,
iannech01,2011,1,COL,NL,760,2281,304,539,115,10,90,344,11,9,392,630,20,52,7,26,43,
youngde03,2007,1,TBA,AL,1066,3934,453,1115,212,11,107,550,36,21,175,755,18,39,1,42,128,
millean01,2008,1,FLO,NL,88,72,1,4,0,0,0,3,0,0,0,36,0,0,4,0,0,
tulowtr01,2007,1,COL,NL,961,3574,614,1068,205,24,176,604,55,31,411,641,41,35,10,34,104,
casilal01,2008,1,MIN,AL,578,1696,225,419,76,15,12,157,80,11,130,246,0,11,37,19,34,
sweenry01,2009,1,OAK,AL,682,2118,265,584,124,14,23,224,18,9,183,342,11,8,11,18,55,
lindad01,2009,1,TOR,AL,953,3407,429,931,196,12,146,519,6,4,273,709,26,15,3,28,90,
murphda07,2012,1,TEX,AL,978,3106,402,848,185,15,94,422,54,26,296,526,22,8,6,32,55,
kouzmke01,2008,1,SDN,NL,685,2525,273,650,143,8,87,371,6,1,125,500,12,50,2,28,77,
stulter01,2013,1,SDN,NL,132,186,12,32,7,0,1,12,0,0,6,69,0,1,20,2,2,
stewach01,2013,1,NYA,AL,304,781,76,178,29,0,8,61,6,1,71,124,6,12,17,7,15,
montemi01,2011,1,ARI,NL,906,3017,365,795,172,6,97,448,2,8,334,670,44,44,5,30,83,
jimence01,2014,1,PHI,NL,16,1,0,0,0,0,0,0,0,0,0,1,0,0,0,0,0,
ariasjo01,2012,1,SFN,NL,434,994,107,267,45,11,6,91,12,3,37,138,7,8,11,9,23,
perkigl01,2008,1,MIN,AL,26,3,0,0,0,0,0,0,0,0,0,3,0,0,1,0,0,
jimenub01,2010,1,COL,NL,226,274,12,31,0,0,0,9,0,0,17,94,0,0,33,0,4,
deazaal01,2013,1,CHA,AL,566,1954,277,524,103,23,38,189,79,36,165,455,8,23,21,13,20,
gordoal01,2012,1,KCA,AL,1032,3891,565,1044,244,21,121,475,79,30,419,908,27,53,5,25,72,
kellydo01,2011,1,DET,AL,570,1070,146,248,28,7,23,95,16,2,90,166,2,11,11,7,22,
hamiljo03,2008,1,TEX,AL,977,3739,587,1091,226,24,192,676,50,16,342,886,55,33,1,53,65,
morrobr01,2011,1,TOR,AL,95,13,0,0,0,0,0,0,0,0,0,6,0,0,0,0,0,
matsuda01,2013,1,NYN,NL,150,37,0,7,0,0,0,3,0,0,1,16,0,0,7,0,0,
danksjo01,2008,1,CHA,AL,213,24,0,2,0,0,0,0,0,0,1,8,0,0,3,0,1,
hugheph01,2014,1,MIN,AL,94,11,0,0,0,0,0,0,0,0,0,6,0,0,1,0,0,
pencehu01,2014,1,SFN,NL,1218,4752,672,1349,247,45,185,689,102,48,381,947,16,20,1,28,119,
butlebi03,2012,1,KCA,AL,1166,4317,502,1273,276,4,127,628,5,3,427,697,54,27,0,40,168,
saltaja01,2013,1,BOS,AL,709,2374,320,574,141,5,89,319,5,7,238,791,11,8,3,15,42,
linceti01,2008,1,SFN,NL,256,453,26,50,3,2,0,19,0,0,32,234,0,0,68,1,5,
gomezca01,2008,1,MIN,AL,971,3064,466,797,144,36,91,344,204,51,191,762,6,57,32,20,47,
jonesga02,2010,1,PIT,NL,854,2780,335,703,174,11,117,383,28,10,257,643,18,7,0,31,56,
reynoma01,2009,1,ARI,NL,1118,3796,577,871,171,11,224,613,57,25,506,1398,22,43,3,32,78,
clippty01,2009,1,WAS,NL,197,13,0,2,1,0,0,0,0,0,0,6,0,0,3,0,1,
abreuto01,2010,1,ARI,NL,224,579,61,147,39,6,6,60,2,4,22,116,2,5,1,8,20,
braunry02,2009,1,MIL,NL,1079,4232,712,1297,267,37,230,762,141,41,373,857,34,54,0,27,95,
sloweke01,2013,1,MIA,NL,112,39,2,3,1,0,0,2,0,0,2,17,0,0,7,0,1,
ryanbr01,2010,1,SLN,NL,832,2482,293,581,110,16,19,195,67,25,193,454,9,31,43,20,46,
escobyu01,2012,1,TOR,AL,1074,3913,503,1080,185,9,69,393,31,23,395,498,16,42,47,21,138,
baileho02,2012,1,CIN,NL,170,300,18,48,6,0,0,17,0,0,9,118,0,1,41,0,10,
schiena01,2013,1,CHN,NL,799,2090,238,529,118,22,52,228,30,22,134,408,16,23,3,25,27,
suzukku01,2009,1,OAK,AL,971,3413,362,878,186,5,70,420,19,10,243,434,15,58,16,40,90,
kendrky01,2014,1,PHI,NL,230,330,17,44,7,1,0,7,0,0,15,141,0,3,41,1,3,
headlch01,2010,1,SDN,NL,966,3477,426,923,194,13,93,418,76,23,406,893,25,40,2,19,76,
gallayo01,2011,1,MIL,NL,220,416,36,81,20,0,12,42,0,0,12,147,0,2,35,1,5,
rowlary01,2010,1,SEA,AL,33,5,0,0,0,0,0,0,0,0,0,4,0,0,0,0,0,
happja01,2011,1,HOU,NL,140,155,7,14,2,0,1,6,0,0,8,65,0,0,24,0,0,
ellsbja01,2011,1,BOS,AL,864,3487,547,1021,182,36,81,384,280,51,269,504,14,32,14,26,58,
parrama01,2008,1,MIL,NL,229,144,10,27,11,1,0,13,0,0,6,58,0,2,10,1,2,
lannajo01,2009,1,WAS,NL,148,247,8,26,5,0,1,11,0,0,16,111,0,0,21,0,3,
uptonju01,2011,1,ARI,NL,1034,3787,609,1039,208,32,164,535,96,39,441,1026,37,46,3,36,73,
mossbr01,2014,1,OAK,AL,625,1889,265,468,102,13,91,298,8,10,203,551,16,24,0,14,27,
chambjo03,2008,1,NYA,AL,143,6,0,0,0,0,0,0,0,0,1,2,0,0,2,0,0,
cabreas01,2011,1,CLE,AL,963,3635,495,973,220,17,87,451,72,26,312,695,14,44,49,31,91,
stewaia01,2009,1,COL,NL,511,1489,202,341,68,13,61,211,17,12,170,473,21,22,0,11,25,
jurrjja01,2009,1,ATL,NL,129,223,17,25,3,1,0,7,0,1,18,75,0,1,29,0,4,
buchhcl01,2014,1,BOS,AL,57,4,0,1,0,0,0,0,0,0,0,1,0,0,1,0,0,
maybica01,2011,1,SDN,NL,561,1873,273,461,82,22,32,150,93,24,158,472,8,15,14,8,35,
moralfr01,2014,1,COL,NL,148,62,4,11,0,0,0,2,0,0,4,27,0,0,8,0,1,
gutieju01,2007,1,HOU,NL,68,7,1,0,0,0,0,0,0,0,0,5,0,0,1,0,0,
pattotr01,2007,1,HOU,NL,59,4,0,1,0,0,0,0,0,0,0,1,0,0,0,0,0,
bucknbi02,2009,1,ARI,NL,20,26,0,6,2,0,0,6,0,0,1,8,0,0,2,0,1,
pearcst01,2014,1,BAL,AL,392,1081,131,276,70,4,38,140,12,3,120,246,4,15,3,11,19,
kenneia01,2011,1,ARI,NL,165,271,18,36,8,1,1,18,0,0,32,129,0,1,36,2,2,
morgany01,2010,1,WAS,NL,598,1953,288,550,74,27,12,136,120,51,145,352,3,43,52,13,21,
bonifem01,2011,1,FLO,NL,722,2456,342,643,92,32,13,155,164,44,209,555,4,6,36,18,21,
vottojo01,2011,1,CIN,NL,952,3400,561,1055,243,12,163,553,48,24,611,749,82,29,0,22,74,
fuldsa01,2011,1,TBA,AL,479,1064,143,251,44,15,10,90,58,17,123,172,3,4,14,5,14,
maxweju01,2012,1,HOU,NL,341,808,119,181,40,7,34,107,26,9,95,295,2,10,0,6,14,
paulife01,2009,1,HOU,NL,72,57,1,8,1,0,0,1,0,0,1,29,0,1,9,0,2,
detwiro01,2012,1,WAS,NL,131,114,3,7,0,0,0,3,0,0,3,58,0,0,9,0,0,
hanigry01,2012,1,CIN,NL,558,1579,146,404,57,1,25,172,1,1,220,198,38,23,12,9,39,
bartoda02,2010,1,OAK,AL,551,1744,242,431,94,11,30,184,13,7,290,348,10,14,19,18,25,
smithse01,2011,1,COL,NL,865,2479,359,657,159,26,85,321,20,7,300,530,25,20,1,20,42,
blevije01,2013,1,OAK,AL,67,1,0,0,0,0,0,0,0,0,0,1,0,0,0,0,0,
ruggiju01,2013,1,MIA,NL,398,1131,138,291,62,3,43,137,34,21,97,326,1,9,4,6,21,
blancgr01,2013,1,SFN,NL,681,1948,245,501,72,26,15,166,82,29,251,434,10,12,23,10,23,
odayda01,2013,1,BAL,AL,68,1,0,0,0,0,0,0,0,0,0,1,0,0,0,0,0,
ramiral03,2013,1,CHA,AL,1072,4073,509,1127,194,15,99,480,118,47,211,519,13,25,34,34,113,
wrighwe01,2010,1,HOU,NL,217,16,2,1,0,0,0,0,0,0,0,8,0,0,1,0,0,
nixja01,2010,2,CLE,AL,466,1305,143,277,55,2,38,130,36,11,108,371,7,23,19,9,24,
cuetojo01,2014,1,CIN,NL,195,347,21,35,1,0,0,10,0,0,10,114,0,1,64,0,4,
kurodhi01,2011,1,LAN,NL,212,209,7,21,1,0,0,3,0,0,13,72,0,0,32,0,2,
johnsel02,2012,1,TBA,AL,318,749,80,161,26,7,12,69,46,16,54,218,1,3,16,4,10,
spande01,2010,1,MIN,AL,889,3574,529,1023,172,55,32,314,141,41,346,463,7,22,44,15,52,
badenbu01,2008,1,FLO,NL,280,32,1,3,1,0,0,2,0,0,1,19,0,0,5,0,0,
longoev01,2014,1,TBA,AL,959,3600,554,975,226,12,184,635,42,10,430,835,60,40,1,48,106,
lowrije01,2013,1,OAK,AL,643,2253,292,587,147,12,56,284,6,2,233,408,10,13,8,28,50,
rodrise01,2011,1,TBA,AL,624,1641,207,370,84,11,45,186,35,15,130,446,4,43,26,13,36,
masteju01,2014,2,SLN,NL,198,30,1,5,0,0,0,1,0,0,0,12,0,0,3,0,0,
wilsobo02,2012,1,LAA,AL,193,393,36,82,20,0,8,37,0,2,34,76,1,1,20,3,13,
getzch01,2011,1,KCA,AL,459,1409,176,352,50,11,3,111,89,18,111,173,5,12,35,7,25,
scherma01,2009,1,ARI,NL,209,79,5,13,3,0,0,4,0,0,4,23,0,0,10,0,1,
herrejo03,2011,1,COL,NL,417,1074,122,282,29,9,8,75,15,13,94,173,7,6,32,6,23,
joycema01,2011,1,TBA,AL,725,2182,309,546,127,13,88,313,29,16,299,533,19,21,1,30,41,
perezch01,2014,1,LAN,NL,49,1,0,0,0,0,0,0,0,0,0,1,0,0,0,0,0,
petitgr01,2014,1,HOU,AL,62,151,20,42,11,0,2,10,0,1,3,40,0,2,0,0,3,
evansni01,2011,1,NYN,NL,177,408,56,105,30,3,10,53,0,1,28,112,2,2,0,4,12,
kershcl01,2013,1,LAN,NL,214,401,32,63,4,1,1,22,1,0,18,125,0,3,75,1,11,
bruceja01,2013,1,CIN,NL,966,3531,523,887,181,17,182,551,48,29,369,968,51,20,3,27,55,
avilemi01,2012,1,BOS,AL,712,2466,321,664,122,12,53,275,73,28,106,344,4,11,27,29,63,
gonzaca01,2010,1,COL,NL,761,2817,483,828,166,32,136,457,110,26,245,694,35,16,6,23,55,
zieglbr01,2012,1,ARI,NL,223,7,1,1,0,0,0,0,0,0,0,3,0,0,0,0,0,
mortoch02,2011,1,PIT,NL,135,213,3,17,4,0,0,5,0,1,2,111,0,0,30,2,3,
bernido01,2013,1,MIN,AL,42,64,11,14,3,0,0,5,2,1,9,18,1,2,2,0,1,
romose01,2010,1,SFN,NL,68,2,0,0,0,0,0,0,0,0,0,2,0,0,0,0,0,
davisch02,2013,1,BAL,AL,723,2554,374,647,137,4,156,432,13,7,239,882,34,29,1,19,32,
bernaro01,2010,1,WAS,NL,548,1323,159,312,56,8,28,121,59,12,121,315,6,18,11,7,21,
gardnbr01,2014,1,NYA,AL,768,2487,425,659,110,41,40,235,182,43,286,532,3,32,43,16,25,
hundlni01,2013,1,SDN,NL,560,1803,178,429,89,11,52,214,8,10,137,485,11,15,7,24,28,
brignre01,2010,1,TBA,AL,339,844,78,187,34,4,12,83,9,7,48,233,6,4,7,2,17,
harrima01,2011,1,TEX,AL,101,15,0,0,0,0,0,0,0,0,0,10,0,0,2,0,1,
bakerjo01,2009,1,FLO,NL,359,1076,124,266,57,1,14,120,2,1,127,269,15,10,8,7,32,
garcija02,2011,1,SLN,NL,100,189,20,29,2,1,2,11,0,0,5,58,0,1,16,0,4,
herreyo01,2008,1,PIT,NL,5,7,1,1,0,0,0,0,0,0,0,1,0,0,0,0,0,
teagata01,2009,1,TEX,AL,172,495,57,100,26,0,21,68,0,1,37,190,0,4,10,2,8,
conrabr01,2010,1,ATL,NL,293,460,57,92,24,3,19,73,7,1,43,166,3,3,6,3,4,
samarje01,2013,1,CHN,NL,183,159,8,20,5,0,2,10,0,0,6,63,0,1,21,2,2,
hunteto02,2012,1,BAL,AL,56,3,0,0,0,0,0,0,0,0,0,2,0,0,0,0,0,
murphda08,2013,1,NYN,NL,773,2855,366,827,190,18,48,329,55,19,187,402,17,9,7,23,71,
gonzagi01,2012,1,WAS,NL,156,173,7,15,3,0,3,7,0,0,2,71,0,1,25,1,2,
rosalad01,2010,1,OAK,AL,375,985,106,223,36,3,24,99,8,6,84,228,2,14,8,9,20,
pennicl01,2011,1,OAK,AL,689,2194,258,545,104,19,27,190,77,27,205,444,6,13,31,11,27,
dickech01,2009,1,CIN,NL,355,721,105,185,35,7,17,66,35,7,83,231,1,4,8,4,8,
sandopa01,2014,1,SFN,NL,869,3215,398,946,192,19,106,462,11,12,259,464,50,17,1,41,102,
estrama01,2012,1,MIL,NL,139,119,3,17,4,0,0,7,0,0,6,55,0,0,17,0,1,
chaveje01,2014,1,OAK,AL,104,7,0,0,0,0,0,0,0,0,0,7,0,0,1,0,0,
snidetr01,2014,1,PIT,NL,543,1546,190,380,88,5,50,184,21,11,141,426,9,7,4,8,26,
venabwi01,2013,1,SDN,NL,820,2469,336,621,104,36,75,274,119,30,217,649,23,23,13,15,26,
elbersc01,2009,1,LAN,NL,19,5,1,1,1,0,0,1,0,0,0,2,0,0,0,0,0,
aceveal01,2009,1,NYA,AL,43,2,0,0,0,0,0,0,0,0,0,1,0,0,0,0,0,
cokeph01,2011,1,DET,AL,48,2,0,0,0,0,0,0,0,0,0,2,0,0,0,0,0,
mcgehca01,2014,1,MIA,NL,711,2469,267,653,128,6,65,359,6,9,225,453,14,7,0,31,92,
valbulu01,2014,1,CHN,NL,576,1809,212,415,110,8,45,173,6,13,213,395,10,10,6,9,31,
fowlede01,2011,1,COL,NL,783,2682,437,726,141,57,48,245,94,45,391,696,8,19,39,9,31,
niesejo01,2014,1,NYN,NL,153,265,21,40,5,1,0,14,0,0,28,132,0,0,26,0,1,
outmajo01,2012,1,COL,NL,116,24,0,1,0,0,0,1,0,0,1,12,0,0,0,0,0,
escobal02,2013,1,KCA,AL,825,2974,347,782,122,35,21,252,128,26,134,429,12,26,49,15,56,
leblawa01,2010,1,SDN,NL,93,111,6,28,1,0,0,2,0,0,3,25,0,1,15,0,1,
motteja01,2010,1,SLN,NL,134,3,0,0,0,0,0,0,0,0,0,3,0,0,0,0,0,
pridija01,2011,1,NYN,NL,126,236,33,53,12,3,5,24,7,1,25,69,2,0,4,1,2,
simonal01,2014,1,CIN,NL,131,70,2,8,3,0,0,2,0,0,1,27,0,0,7,0,0,
jasojo01,2010,1,TBA,AL,480,1403,199,364,82,9,32,182,14,3,206,233,3,17,4,11,34,
bourgja01,2011,1,HOU,NL,249,512,69,132,15,5,3,30,51,14,33,61,0,0,4,0,14,
gillaco01,2014,1,CHA,AL,293,916,101,240,46,8,21,101,0,5,77,160,8,4,0,9,12,
kottage01,2010,1,MIL,NL,313,722,92,155,40,3,32,101,3,1,121,203,4,2,4,9,14,
priceda01,2010,1,TBA,AL,170,28,0,2,0,0,0,0,0,0,2,13,0,0,0,0,0,
ellisaj01,2012,1,LAN,NL,428,1302,123,315,52,3,28,157,0,3,191,279,18,18,18,15,50,
parnebo01,2009,1,NYN,NL,109,9,1,1,0,0,0,0,0,0,0,3,0,0,4,0,0,
sanchga01,2011,1,FLO,NL,700,1998,236,508,126,4,61,266,12,1,225,368,9,18,5,24,55,
cervefr01,2010,1,NYA,AL,250,688,88,191,33,4,10,92,6,5,64,135,1,14,13,6,19,
schafjo02,2012,1,HOU,NL,436,1223,162,280,45,9,12,80,103,27,142,360,9,5,23,3,11,
andruel01,2012,1,TEX,AL,914,3523,504,959,142,28,20,305,192,66,315,536,1,28,87,20,82,
freesda01,2012,1,SLN,NL,600,2029,248,568,106,5,54,292,7,9,189,493,3,30,4,14,80,
penara02,2010,1,NYA,AL,311,557,63,136,18,3,8,53,12,4,34,114,3,2,12,5,8,
gregelu01,2012,1,SDN,NL,77,1,0,0,0,0,0,0,0,0,0,1,0,0,0,0,0,
belisro01,2009,1,LAN,NL,146,5,0,0,0,0,0,0,0,0,0,3,0,0,0,0,0,
cahiltr01,2012,1,ARI,NL,186,150,5,15,2,1,0,9,0,0,2,52,0,0,15,0,2,
rasmuco01,2012,1,TOR,AL,793,2737,409,672,142,18,116,352,28,15,262,767,21,15,11,14,32,
ueharko01,2009,1,BAL,AL,12,2,0,0,0,0,0,0,0,0,1,1,0,0,0,0,0,
cabreev01,2012,1,SDN,NL,481,1733,221,430,71,20,12,128,136,38,170,410,10,13,40,7,20,
porceri01,2011,1,DET,AL,157,20,0,4,0,0,0,2,0,0,0,7,0,0,2,0,0,
duensbr01,2011,1,MIN,AL,88,5,0,0,0,0,0,0,0,0,0,3,0,0,0,0,0,
anderbr04,2014,1,COL,NL,51,18,0,2,2,0,0,1,0,0,0,9,0,0,1,0,0,
zimmejo02,2013,1,WAS,NL,148,257,14,44,5,0,1,12,0,0,10,79,0,0,37,2,2,
hollade01,2013,1,TEX,AL,95,12,1,0,0,0,0,0,0,0,2,6,0,0,2,0,0,
rodrife02,2012,1,HOU,NL,118,4,0,0,0,0,0,0,0,0,0,3,0,0,0,0,0,
cecilbr01,2012,1,TOR,AL,67,6,0,0,0,0,0,0,0,0,0,6,0,0,0,0,0,
corpoca01,2013,1,HOU,AL,198,593,52,133,21,1,17,63,0,1,38,165,5,15,6,6,13,
paulxa01,2011,2,PIT,NL,349,693,83,173,32,7,12,71,23,11,60,169,6,3,9,2,14,
robinsh01,2012,1,SLN,NL,268,402,46,93,12,2,5,37,7,2,44,63,2,0,0,6,12,
coghlch01,2009,1,FLO,NL,518,1804,247,492,110,18,30,158,34,20,173,346,10,16,11,10,20,
parrage01,2013,1,ARI,NL,833,2779,346,761,146,32,42,260,55,34,204,524,39,18,26,17,60,
reimono01,2009,1,BAL,AL,315,1005,130,252,47,5,44,139,17,5,105,247,4,10,0,14,25,
huffda01,2014,1,SFN,NL,54,7,1,1,0,0,0,0,0,0,0,4,0,0,2,0,0,
stammcr01,2010,1,WAS,NL,226,89,4,18,7,0,0,10,0,0,4,35,0,0,10,1,3,
guzmaje01,2013,1,SDN,NL,403,1007,108,249,61,4,25,136,18,5,97,248,6,5,2,3,18,
thayeda01,2014,1,SDN,NL,139,2,0,0,0,0,0,0,0,0,0,1,0,0,0,0,0,
hayesbr01,2011,1,FLO,NL,175,402,42,84,26,1,10,31,1,0,22,133,6,1,3,0,6,
maybejo02,2012,1,PHI,NL,515,1276,164,308,77,2,53,171,14,7,110,318,5,9,0,5,33,
swarzan01,2012,1,MIN,AL,104,5,0,0,0,0,0,0,0,0,0,4,0,0,0,0,0,
lerouch01,2013,1,PIT,NL,12,2,0,0,0,0,0,0,0,0,0,0,0,0,0,0,0,
wietema01,2012,1,BAL,AL,683,2453,283,630,126,3,92,346,6,2,232,499,21,9,1,27,65,
bastaan01,2009,1,PHI,NL,6,6,0,0,0,0,0,0,0,0,0,3,0,0,1,0,0,
mazzavi01,2013,1,PIT,NL,111,17,0,3,0,0,0,1,0,0,0,10,0,0,1,0,0,
gimench01,2009,1,CLE,AL,185,447,47,94,23,0,6,41,1,3,56,125,1,0,3,2,13,
beckhgo01,2012,1,CHA,AL,765,2663,337,652,149,4,63,284,29,18,203,494,4,44,26,22,62,
mccutan01,2012,1,PIT,NL,880,3299,548,986,200,36,128,462,143,50,445,646,39,40,3,32,47,
osullse01,2013,1,SDN,NL,27,13,1,2,1,0,0,0,0,0,0,7,0,0,0,0,0,
carpmi01,2011,1,SEA,AL,318,887,97,225,51,5,27,127,2,3,90,243,1,15,0,8,27,
millsbr02,2014,1,OAK,AL,3,3,0,0,0,0,0,0,0,0,0,1,0,0,0,0,1,
blankky01,2013,1,SDN,NL,260,760,100,178,37,2,30,105,5,2,79,255,2,18,0,5,13,
figaral01,2013,1,MIL,NL,44,15,1,3,0,0,0,2,0,0,0,7,0,0,0,0,0,
lobatjo01,2013,1,TBA,AL,257,709,74,163,35,2,11,64,0,2,73,185,2,4,4,4,19,
rzepcma01,2013,1,SLN,NL,11,1,0,0,0,0,0,0,0,0,0,1,0,0,0,0,0,
webbry01,2013,1,MIA,NL,131,4,1,1,0,0,0,0,0,0,0,3,0,0,0,0,0,
latosma01,2013,1,CIN,NL,153,295,13,35,6,0,3,13,0,0,6,138,0,2,33,1,5,
torreca01,2013,1,NYN,NL,146,33,1,3,0,0,0,2,0,0,2,19,0,0,6,0,0,
saundmi01,2012,1,SEA,AL,553,1716,226,396,82,14,51,182,54,20,176,489,6,2,12,13,17,
chacijh01,2013,1,COL,NL,119,203,11,37,5,0,1,15,0,0,7,43,0,1,13,2,1,
tillmch01,2013,1,BAL,AL,78,10,1,0,0,0,0,0,0,0,0,3,0,0,3,0,0,
norribu01,2011,1,HOU,NL,160,173,8,26,5,0,0,11,0,0,4,58,0,1,31,2,2,
reddijo01,2012,1,OAK,AL,522,1734,243,424,89,18,66,232,23,6,151,382,10,7,2,18,24,
felizne01,2012,1,TEX,AL,8,2,0,0,0,0,0,0,0,0,0,1,0,0,0,0,0,
matusbr01,2012,1,BAL,AL,78,8,0,1,0,0,0,0,0,0,0,2,0,0,0,0,0,
avilaal01,2011,1,DET,AL,616,1906,225,470,106,7,62,269,7,6,285,587,12,11,8,16,48,
fistedo01,2014,1,WAS,NL,134,67,4,8,2,0,0,2,0,0,1,26,0,0,12,0,0,
belltr01,2010,1,LAA,AL,25,1,0,0,0,0,0,0,0,0,0,1,0,0,0,0,0,
manshje01,2013,1,COL,NL,44,10,0,0,0,0,0,0,0,0,0,3,0,0,0,0,1,
stubbdr01,2011,1,CIN,NL,764,2609,411,643,102,18,84,266,147,32,249,865,5,17,20,14,18,
younger03,2013,2,NYN,NL,504,1420,221,358,54,18,8,83,138,33,130,273,2,14,21,4,13,
lopezwi01,2009,1,HOU,NL,83,6,0,0,0,0,0,0,0,0,0,3,0,0,0,0,0,
mccutda01,2010,1,PIT,NL,107,30,2,2,0,0,0,1,1,0,1,8,0,1,3,0,0,
walkene01,2011,1,PIT,NL,685,2520,336,687,142,14,77,347,22,18,234,483,13,35,9,25,57,
brantmi02,2014,1,CLE,AL,670,2579,334,745,145,16,46,309,79,25,209,312,19,15,11,24,54,
carraca01,2011,1,CLE,AL,61,7,0,0,0,0,0,0,0,0,0,5,0,0,2,0,0,
tholejo01,2011,1,NYN,NL,410,1169,87,293,48,3,8,102,2,5,119,177,13,7,10,6,36,
flowety01,2014,1,CHA,AL,319,936,103,204,39,2,37,103,2,4,72,360,1,20,2,4,24,
dunnmi01,2010,1,ATL,NL,157,4,1,0,0,0,0,0,0,0,0,1,0,0,0,0,0,
hudsoda01,2011,1,ARI,NL,53,105,7,24,5,0,1,21,0,0,5,34,0,1,14,1,3,
daviswa01,2013,1,KCA,AL,144,8,0,2,0,0,0,0,0,0,0,4,0,0,3,0,0,
gentrcr01,2013,1,TEX,AL,417,901,142,246,36,9,4,77,76,12,73,174,6,29,13,3,14,
turneju01,2011,1,NYN,NL,427,1129,130,317,78,3,15,132,14,5,92,181,4,19,3,5,31,
bumgama01,2012,1,SFN,NL,156,290,24,48,8,0,6,31,0,0,15,114,0,1,35,2,2,
johnsch05,2014,1,ATL,NL,643,2325,218,657,132,10,55,297,16,3,115,601,14,17,3,16,71,
desmoia01,2013,1,WAS,NL,771,2897,355,781,158,19,91,370,109,32,187,703,9,23,23,22,70,
poseybu01,2014,1,SFN,NL,603,2182,287,673,129,6,83,352,6,5,224,324,28,21,0,28,66,
rogeres01,2011,1,COL,NL,184,52,4,11,3,0,0,1,0,0,0,21,0,0,10,0,0,
francju02,2014,1,TOR,AL,404,996,110,235,50,4,48,152,2,6,81,375,6,8,0,6,17,
axforjo01,2012,1,MIL,NL,75,1,0,0,0,0,0,0,0,0,0,1,0,0,0,0,0,
ramosce01,2009,1,SDN,NL,65,6,0,0,0,0,0,0,0,0,0,4,0,0,0,0,0,
mooread01,2010,1,SEA,AL,86,265,19,53,11,0,6,20,2,1,12,82,2,3,1,2,4,
colvity01,2012,1,COL,NL,441,1215,164,290,63,21,49,178,14,4,78,352,6,6,4,6,19,
rodrihe03,2011,1,WAS,NL,59,2,0,0,0,0,0,0,0,0,0,2,0,0,0,0,0,
frierer01,2010,1,SDN,NL,33,1,0,0,0,0,0,0,0,0,0,1,0,0,0,0,0,
pagnoma01,2010,1,SLN,NL,42,92,8,25,2,0,1,13,0,0,5,21,0,2,6,0,2,
jacksau01,2010,1,DET,AL,724,2901,466,794,145,44,46,248,89,30,269,758,7,16,23,21,52,
russeja02,2011,1,CHN,NL,220,15,0,1,0,0,0,0,0,0,0,5,0,0,0,0,0,
heywaja01,2012,1,ATL,NL,681,2458,367,644,125,17,84,292,63,24,315,544,11,30,1,11,33,
ondrulo01,2010,1,CIN,NL,100,7,0,0,0,0,0,0,0,0,0,7,0,0,0,0,0,
sizemsc01,2011,2,OAK,AL,166,533,72,128,32,1,14,74,5,3,68,162,0,2,9,2,12,
mejiaje01,2014,1,NYN,NL,107,34,1,1,0,0,0,1,0,0,0,16,0,0,3,0,2,
tejadru01,2012,1,NYN,NL,464,1571,162,399,76,1,7,120,14,10,149,258,17,28,20,10,28,
rossty01,2014,1,SDN,NL,112,92,6,16,1,0,0,3,0,0,3,42,0,1,5,1,0,
craigal01,2013,1,SLN,NL,498,1752,233,494,106,3,58,293,11,3,136,368,4,19,1,17,49,
santose01,2013,1,TOR,AL,29,1,0,0,0,0,0,0,0,0,0,0,0,0,0,0,0,
buterdr01,2011,1,MIN,AL,251,667,54,122,27,3,8,55,0,0,41,139,1,10,10,5,16,
leakemi01,2014,1,CIN,NL,172,295,37,69,13,1,4,15,0,0,9,111,0,2,32,0,6,
valdera02,2010,1,NYN,NL,55,13,1,5,2,0,0,1,0,0,0,3,0,0,5,0,0,
anderbr05,2010,1,SLN,NL,36,63,4,13,4,0,0,6,1,0,3,18,0,2,0,1,1,
davisik02,2010,1,NYN,NL,585,1848,239,444,100,2,78,270,7,8,270,489,20,4,0,16,45,
gilleco01,2010,1,ARI,NL,113,243,28,56,12,0,4,25,3,3,21,56,2,2,2,2,7,
boescbr01,2012,1,DET,AL,430,1488,188,381,77,7,47,190,21,7,105,314,9,15,0,11,25,
smoakju01,2012,1,SEA,AL,566,1960,208,439,84,0,74,234,2,1,238,492,11,8,0,12,50,
jayjo02,2013,1,SLN,NL,678,2146,300,632,108,13,28,217,43,26,166,383,14,59,38,15,55,
tollest01,2014,1,TOR,AL,163,290,30,70,13,2,6,26,4,1,20,75,0,2,5,1,5,
donaljo02,2014,1,OAK,AL,405,1493,217,400,85,5,63,228,17,3,168,313,7,18,1,11,37,
ramoswi01,2011,1,WAS,NL,326,1179,125,317,52,1,46,173,0,3,84,206,13,3,4,7,51,
heisech01,2012,1,CIN,NL,543,1326,184,328,61,10,50,147,25,8,77,331,4,25,14,10,19,
hicksbr01,2014,1,SFN,NL,126,294,43,45,11,1,11,30,1,1,40,119,3,2,3,1,6,
castrst01,2011,1,CHN,NL,740,2977,339,846,163,29,51,294,70,40,165,496,18,23,5,16,88,
woodbl01,2011,1,KCA,AL,55,1,0,0,0,0,0,0,0,0,0,1,0,0,0,0,0,
novaiv01,2012,1,NYA,AL,79,14,0,1,0,0,0,0,0,0,0,13,0,0,3,0,0,
worthda01,2010,1,DET,AL,135,261,30,60,11,0,2,19,1,3,23,58,0,1,5,2,3,
storedr01,2010,1,WAS,NL,54,2,0,1,0,0,0,0,0,0,0,1,0,0,0,0,0,
lucrojo01,2014,1,MIL,NL,607,2129,247,607,120,13,59,294,23,9,181,327,7,14,5,17,57,
plouftr01,2014,1,MIN,AL,487,1746,223,428,100,5,62,224,8,8,149,398,3,18,5,15,38,
lecursa01,2010,1,CIN,NL,106,21,2,2,2,0,0,0,0,0,1,8,0,1,2,0,0,
salasfe01,2013,1,SLN,NL,160,4,0,0,0,0,0,0,0,0,0,2,0,0,0,0,0,
ottavad01,2013,1,COL,NL,110,24,1,2,0,0,0,0,0,0,1,17,0,0,3,0,0,
cashnan01,2013,1,SDN,NL,150,98,10,20,2,1,1,5,2,0,3,44,0,0,14,0,0,
valenda01,2011,1,MIN,AL,421,1442,147,378,82,6,37,186,5,10,85,281,2,2,0,16,45,
strasst01,2014,1,WAS,NL,109,182,10,27,7,0,1,13,0,0,12,72,0,1,25,0,1,
stantmi03,2014,1,MIA,NL,634,2288,350,619,138,8,154,399,30,10,318,742,50,23,0,11,49,
tabatjo01,2010,1,PIT,NL,482,1554,206,427,81,15,17,122,47,29,127,247,1,19,18,6,40,
lincobr01,2010,1,PIT,NL,75,38,3,9,1,0,0,4,0,0,1,14,0,0,4,0,0,
arrieja01,2014,1,CHN,NL,99,64,3,10,2,1,0,6,0,0,4,30,0,0,11,0,1,
santaca01,2011,1,CLE,AL,650,2291,322,569,139,5,98,336,19,11,431,497,24,13,0,26,59,
navada01,2013,1,BOS,AL,395,1249,179,341,85,1,23,162,8,5,140,283,5,42,6,12,25,
ogandal01,2012,1,TEX,AL,112,5,0,2,0,0,0,0,0,0,0,3,0,0,0,0,0,
alvarpe01,2013,1,PIT,NL,592,2063,240,484,90,6,104,324,12,3,211,678,21,9,1,9,57,
doubrfe01,2014,2,CHN,NL,62,11,0,1,0,0,0,0,0,0,1,6,0,0,2,0,0,
nelsoch01,2012,1,COL,NL,282,834,96,221,39,8,16,100,9,5,55,203,6,3,3,6,28,
vicieda01,2014,1,CHA,AL,483,1675,200,425,73,7,66,211,2,3,95,388,3,16,0,12,57,
castrja01,2014,1,HOU,AL,400,1352,161,329,79,6,40,149,3,1,137,383,8,12,3,11,27,
schlibr01,2014,1,CHN,NL,61,1,0,1,0,0,0,0,0,0,0,0,0,0,0,0,0,
woodtr01,2013,1,CHN,NL,149,239,25,46,8,1,9,28,1,0,4,87,0,2,20,0,2,
cainlo01,2014,1,KCA,AL,358,1261,157,352,71,10,17,144,59,12,82,286,4,12,0,14,24,
kratzer01,2013,1,PHI,NL,176,488,49,107,21,0,23,66,0,0,35,111,7,3,0,6,17,
gomezje01,2013,1,PIT,NL,98,18,0,3,0,0,0,0,0,0,0,10,0,0,1,0,0,
janseke01,2014,1,LAN,NL,143,2,0,0,0,0,0,0,0,0,0,1,0,0,0,0,0,
worleva01,2011,1,PHI,NL,83,118,5,15,3,0,0,7,0,0,2,47,0,0,14,0,1,
morrilo01,2011,1,FLO,NL,462,1631,200,410,93,16,53,200,8,4,188,323,11,16,0,9,41,
tomlijo01,2012,1,CLE,AL,48,7,1,4,0,0,0,1,0,0,0,3,0,0,0,0,0,
browndo01,2013,1,PHI,NL,430,1402,169,348,67,8,49,204,20,6,124,281,13,4,0,14,23,
abadfe01,2012,1,HOU,NL,59,8,0,1,0,0,0,0,0,0,0,4,0,0,0,0,1,
morelmi01,2011,1,TEX,AL,494,1565,199,395,77,3,65,209,6,4,144,359,17,10,6,19,37,
harrelu01,2012,1,HOU,NL,78,66,5,10,0,0,0,1,0,0,3,37,0,0,3,0,1,
kalisry01,2010,1,BOS,AL,146,380,51,93,18,5,4,34,16,5,26,92,1,1,3,2,12,
colemca01,2011,1,CHN,NL,50,48,3,7,2,1,0,2,0,0,1,18,0,0,6,0,0,
hellije01,2013,1,TBA,AL,92,6,0,1,0,0,0,0,0,0,0,3,0,0,1,0,0,
bourjpe01,2011,1,LAA,AL,473,1290,176,319,51,23,28,113,50,16,83,329,1,25,25,7,24,
salech01,2014,1,CHA,AL,56,5,0,0,0,0,0,0,0,0,0,4,0,0,1,0,0,
arencjp01,2013,1,TOR,AL,443,1502,160,311,64,4,74,228,2,3,84,462,4,17,1,10,24,
cartech02,2014,1,HOU,AL,399,1345,180,299,58,3,85,216,8,2,174,518,8,9,0,13,28,
minormi01,2013,1,ATL,NL,111,198,13,24,5,0,2,10,0,0,9,89,0,0,15,0,2,
castiwe01,2014,1,CHN,NL,286,963,88,247,57,0,27,105,2,0,78,261,5,20,3,5,25,
barneda01,2012,1,CHN,NL,564,1894,224,465,89,13,19,153,20,5,114,235,10,21,16,13,48,
nunezed02,2011,1,NYA,AL,342,956,128,252,47,11,14,100,57,14,56,133,3,5,13,10,21,
valaich01,2014,1,CHN,NL,99,248,20,59,11,1,5,24,1,0,13,63,1,3,2,2,9,
dedunsa01,2014,1,MIN,AL,53,6,0,1,1,0,0,0,0,0,0,5,0,0,1,0,0,
chapmar01,2013,1,CIN,NL,68,1,0,0,0,0,0,0,0,0,0,1,0,0,0,0,0,
dudalu01,2014,1,NYN,NL,503,1618,208,402,85,3,74,245,5,5,214,436,15,30,1,15,22,
espinda01,2012,1,WAS,NL,504,1761,212,402,93,11,55,176,46,15,134,554,14,47,9,8,23,
freemfr01,2014,1,ATL,NL,633,2293,343,656,136,8,86,358,10,8,273,545,21,28,0,22,54,
jennide01,2013,1,TBA,AL,474,1779,280,442,90,20,47,164,88,24,190,406,2,21,21,7,24,
alonsyo01,2012,1,SDN,NL,405,1267,119,343,75,1,27,152,15,1,121,215,15,6,1,14,34,
baxtemi01,2012,1,NYN,NL,198,360,46,81,22,4,4,26,10,5,48,86,4,11,0,4,4,
dysonja01,2012,1,KCA,AL,353,866,134,222,26,15,4,58,120,20,86,183,2,2,16,7,16,
reverbe01,2014,1,PHI,NL,493,1905,235,555,44,21,2,109,145,35,86,185,3,9,21,5,37,
geedi01,2013,1,NYN,NL,106,183,8,20,3,1,0,11,0,0,9,84,0,1,24,1,2,
morelbr01,2011,1,CHA,AL,217,655,71,148,25,1,13,58,12,6,40,129,1,3,10,2,15,
snydebr02,2014,1,TEX,AL,30,66,5,11,2,0,2,8,0,0,5,28,0,0,0,0,1,
preslal01,2012,1,PIT,NL,321,1023,114,265,38,16,23,79,25,16,54,203,1,5,7,3,12,
mckenmi01,2012,1,PIT,NL,250,711,74,174,41,0,25,86,0,4,71,193,4,6,6,5,18,
ciriape01,2012,1,BOS,AL,188,470,56,127,24,6,4,36,31,5,18,88,4,2,7,1,7,
kintzbr01,2011,1,MIL,NL,9,1,0,0,0,0,0,0,0,0,0,1,0,0,0,0,0,
congeha01,2013,1,LAA,AL,251,688,63,154,34,2,17,71,0,3,62,164,4,8,7,3,16,
trumbma01,2013,1,LAA,AL,548,2046,255,506,95,7,109,345,20,14,144,554,18,10,0,15,55,
sogarer01,2013,1,OAK,AL,315,838,98,197,40,4,7,68,23,10,69,119,2,6,11,6,13,
drabeky01,2012,1,TOR,AL,13,2,0,0,0,0,0,0,0,0,0,1,0,0,0,0,0,
descada01,2012,1,SLN,NL,529,1223,145,297,68,11,10,111,16,11,114,243,17,14,21,8,17,
hatchch02,2010,1,FLO,NL,68,8,0,0,0,0,0,0,0,0,2,6,1,0,0,0,0,
rominan01,2014,1,DET,AL,168,403,43,95,9,0,2,23,15,2,29,97,0,1,13,1,7,
varvaan01,2013,1,ATL,NL,62,1,0,0,0,0,0,0,0,0,0,1,0,0,0,0,0,
cishest01,2012,1,MIA,NL,68,1,0,0,0,0,0,0,0,0,0,0,0,0,0,0,0,
beltbr01,2013,1,SFN,NL,419,1321,174,354,80,11,45,168,23,7,144,352,12,13,1,8,13,
colliti01,2012,1,KCA,AL,72,1,0,0,0,0,0,0,0,0,0,0,0,0,0,0,0,
adcocna01,2012,1,KCA,AL,12,1,0,0,0,0,0,0,0,0,0,1,0,0,0,0,0,
brittza01,2011,1,BAL,AL,28,8,3,5,1,0,1,2,0,0,0,1,0,0,0,0,0,
martimi02,2011,1,PHI,NL,188,403,42,73,9,2,5,36,4,0,27,81,3,0,8,2,7,
pinedmi01,2011,1,SEA,AL,28,5,0,1,0,0,0,0,0,0,0,2,0,0,0,0,0,
chatwty01,2013,1,COL,NL,80,69,5,19,2,0,0,8,0,0,3,16,0,0,11,0,0,
collmjo01,2014,1,ARI,NL,141,121,6,14,2,0,0,5,0,0,6,41,0,2,11,0,1,
sandsje01,2011,1,LAN,NL,82,242,23,58,17,0,5,31,3,3,26,66,0,2,2,1,7,
pegueca01,2011,1,SEA,AL,69,214,18,42,6,3,9,28,1,1,11,89,3,3,0,1,0,
colemlo01,2011,1,KCA,AL,48,1,0,0,0,0,0,0,0,0,0,1,0,0,0,0,0,
amarial01,2014,1,SDN,NL,422,1118,111,262,45,12,15,109,24,7,70,176,7,3,18,9,16,
cobbal01,2014,1,TBA,AL,49,11,0,1,1,0,0,1,0,0,0,2,0,1,0,0,1,
gomesbr01,2012,1,TBA,AL,15,1,0,0,0,0,0,1,0,0,1,1,0,0,0,0,0,
forsylo01,2012,1,SDN,NL,338,986,111,232,40,6,18,83,19,4,84,215,5,15,5,8,23,
guyerbr01,2014,1,TBA,AL,115,307,46,78,16,1,6,30,6,1,17,62,0,11,8,1,4,
hosmeer01,2013,1,KCA,AL,570,2184,271,601,118,9,59,275,42,12,176,370,19,7,1,20,50,
teherju01,2014,1,ATL,NL,70,129,2,20,4,0,0,8,0,0,4,38,0,1,14,0,2,
campato01,2012,1,CHN,NL,257,438,70,109,10,2,1,16,66,9,27,103,1,2,10,0,1,
kozmape01,2013,1,SLN,NL,199,522,61,123,29,3,3,50,5,1,48,118,9,0,3,5,10,
duffyda01,2014,1,KCA,AL,51,9,1,0,0,0,0,0,0,0,0,5,0,0,1,0,0,
noesihe01,2014,3,CHA,AL,50,8,0,2,0,0,0,0,0,0,0,3,0,0,0,0,0,
carreez01,2011,1,CLE,AL,176,435,62,110,18,7,2,28,25,7,28,89,2,5,9,1,10,
frazito01,2014,1,CIN,NL,476,1662,223,428,82,10,73,235,30,15,145,394,4,26,2,11,34,
cruzto03,2014,1,SLN,NL,190,449,43,101,25,2,3,47,0,5,26,85,3,3,2,2,18,
delarru01,2011,1,LAN,NL,32,16,1,3,0,0,0,0,0,0,1,1,0,0,1,0,0,
crawfbr01,2013,1,SFN,NL,511,1621,172,393,75,18,26,178,8,12,157,351,23,10,6,16,22,
nicasju01,2013,1,COL,NL,88,100,4,12,2,0,0,8,0,0,6,62,0,0,14,1,0,
lemahdj01,2014,1,COL,NL,376,1187,127,328,50,12,9,96,29,19,66,218,13,3,18,7,36,
harrijo05,2014,1,PIT,NL,372,1052,142,297,61,16,20,98,31,11,37,152,1,14,16,6,19,
lylesjo01,2014,1,COL,NL,96,117,9,18,4,0,2,7,0,0,6,53,0,0,11,0,3,
lindbjo01,2011,1,LAN,NL,27,1,0,0,0,0,0,0,0,0,0,1,0,0,0,0,0,
lynnla01,2014,1,SLN,NL,119,168,10,11,1,0,0,4,0,0,11,101,0,1,25,1,1,
cletoma01,2013,1,SLN,NL,13,3,0,0,0,0,0,0,0,0,0,3,0,0,0,0,0,
carpema01,2013,1,SLN,NL,436,1532,269,449,111,14,25,183,9,7,205,276,5,20,5,23,17,
brothre01,2012,1,COL,NL,195,4,0,0,0,0,0,0,0,0,0,4,0,0,1,0,0,
gordode01,2014,1,LAN,NL,329,1230,173,335,43,17,4,68,130,38,68,217,2,8,8,5,9,
blackch02,2014,1,COL,NL,305,1050,141,304,53,5,28,111,41,13,45,170,6,19,10,5,10,
weeksje01,2012,1,OAK,AL,240,896,115,233,44,17,4,59,40,16,75,139,1,10,13,8,9,
handbr01,2014,1,MIA,NL,52,49,1,3,0,0,0,2,0,0,0,16,0,0,7,0,2,
watsoto01,2014,1,PIT,NL,256,6,0,1,0,0,0,0,0,0,0,5,0,0,2,0,0,
phelpco01,2011,1,CLE,AL,56,116,12,18,2,1,2,11,1,0,9,29,0,0,1,0,3,
rizzoan01,2013,1,CHN,NL,436,1595,213,405,91,4,71,215,16,12,197,351,16,28,0,7,29,
moustmi01,2012,1,KCA,AL,514,1830,182,432,99,3,52,199,10,6,128,332,6,16,4,15,34,
brownan02,2013,1,NYN,NL,144,328,37,72,14,0,14,45,3,2,28,101,0,1,2,3,9,
bassan01,2012,1,SDN,NL,76,38,3,4,0,1,0,6,1,0,0,17,0,0,1,0,0,
matthry01,2012,1,WAS,NL,66,1,0,0,0,0,0,0,0,0,0,1,0,0,0,0,0,
ackledu01,2012,1,SEA,AL,499,1826,227,448,83,15,36,182,29,10,168,365,10,4,8,7,22,
delgara01,2013,1,ARI,NL,93,76,5,14,0,0,0,2,0,0,1,32,0,0,10,0,2,
darnach01,2011,1,PIT,NL,56,149,19,31,6,2,0,7,13,2,4,38,0,1,2,1,3,
fryerer01,2014,1,MIN,AL,50,118,18,29,5,0,2,9,2,1,12,26,1,1,0,0,1,
chiselo01,2014,1,CLE,AL,345,1121,135,291,65,2,36,133,7,2,71,231,4,12,6,4,21,
carpeda01,2013,1,ATL,NL,87,5,0,1,0,0,0,0,0,0,0,1,0,0,1,0,0,
beavabl01,2012,1,SEA,AL,26,2,0,0,0,0,0,0,0,0,0,1,0,0,1,0,0,
santihe01,2014,1,LAA,AL,64,8,0,1,0,0,0,0,0,0,0,2,0,0,3,0,0,
cozarza01,2013,1,CIN,NL,447,1671,200,406,81,12,33,139,11,0,82,300,5,12,21,13,44,
mcallza01,2013,1,CLE,AL,46,6,0,1,0,0,0,0,0,0,0,2,0,0,0,0,1,
seageky01,2013,1,SEA,AL,527,1981,234,519,107,7,70,264,32,14,179,386,5,22,5,14,33,
troutmi01,2014,1,LAA,AL,493,1873,373,572,111,26,98,307,102,14,269,489,20,27,0,26,23,
sanchhe01,2012,1,SFN,NL,216,541,38,133,29,0,9,82,0,1,23,142,1,6,0,8,12,
torreal01,2014,1,SDN,NL,70,1,0,0,0,0,0,0,0,0,0,1,0,0,0,0,0,
chiriro01,2014,1,TEX,AL,126,389,43,90,20,0,14,47,0,1,24,90,1,7,4,4,5,
altuvjo01,2014,1,HOU,AL,514,2083,255,630,122,10,21,160,131,36,113,241,12,15,14,18,57,
kipnija01,2012,1,CLE,AL,466,1791,257,469,92,10,44,220,88,17,204,386,7,12,9,19,37,
cowgico01,2014,1,LAA,AL,253,608,73,147,20,3,11,55,12,6,52,171,1,5,5,1,8,
constjo01,2011,1,ATL,NL,112,220,32,60,3,1,2,17,12,9,14,41,2,0,6,0,2,
martijd02,2014,1,DET,AL,375,1340,144,365,74,6,47,202,8,6,93,352,6,6,0,14,38,
turneja01,2013,1,MIA,NL,55,72,1,7,2,1,0,0,0,0,1,36,0,0,10,0,2,
paredji01,2011,1,HOU,NL,145,430,43,104,17,3,5,39,15,9,23,128,0,1,2,5,5,
goldspa01,2013,1,ARI,NL,462,1678,288,490,127,6,83,302,46,13,243,438,33,9,0,18,48,
giavojo01,2012,1,KCA,AL,125,437,53,104,20,5,4,45,8,3,20,76,0,5,0,3,9,
shuckja01,2013,1,LAA,AL,204,628,81,166,23,4,4,51,12,4,41,73,2,1,7,7,14,
lawribr01,2012,1,TOR,AL,345,1304,167,345,61,10,43,157,29,14,95,234,2,20,5,7,17,
eovalna01,2014,1,MIA,NL,83,130,5,11,0,0,0,1,0,0,4,82,0,0,13,0,0,
alvarhe01,2014,1,MIA,NL,78,88,4,20,3,0,1,8,0,0,1,33,0,0,12,2,0,
perezsa02,2014,1,KCA,AL,403,1511,163,431,77,7,44,209,1,0,62,195,7,9,0,13,54,
richaga01,2014,1,LAA,AL,56,13,0,0,0,0,0,0,0,0,0,5,0,0,0,0,1,
selleju01,2011,1,LAN,NL,99,252,33,50,13,1,3,17,1,1,25,59,1,4,5,1,4,
lavarry01,2012,1,BOS,AL,97,279,24,56,17,0,5,34,0,0,17,71,0,2,0,3,9,
mileywa01,2012,1,ARI,NL,107,195,10,29,5,0,1,12,0,0,8,52,0,0,26,0,4,
mastrda01,2012,1,MIN,AL,129,273,34,58,5,2,4,24,24,4,22,79,0,2,7,2,10,
reckean01,2014,1,NYN,NL,135,375,42,74,19,0,14,50,1,2,33,135,1,3,4,4,4,
parrian01,2012,1,SDN,NL,114,240,18,43,11,0,2,14,2,0,31,78,8,4,2,3,5,
surkaer01,2011,1,SFN,NL,7,9,0,1,0,0,0,1,0,0,1,5,0,0,0,0,0,
brachbr01,2014,1,BAL,AL,46,1,0,0,0,0,0,0,0,0,0,0,0,0,1,0,0,
klubeco01,2014,1,CLE,AL,62,7,1,1,0,0,0,0,0,0,1,3,0,0,1,0,0,
monteje01,2012,1,SEA,AL,188,694,62,179,25,1,23,85,0,3,44,140,6,3,0,8,20,
escobed01,2014,1,MIN,AL,258,736,93,188,44,5,9,56,4,3,46,159,1,3,8,4,6,
martile01,2014,1,TEX,AL,334,1044,142,276,40,15,15,95,70,21,71,231,3,10,20,6,12,
navaref01,2014,1,LAA,AL,76,173,18,42,11,1,1,15,2,3,16,29,2,0,3,0,1,
schaflo01,2013,1,MIL,NL,223,440,46,92,25,6,4,46,9,3,42,91,4,4,15,2,5,
taylomi01,2011,1,OAK,AL,37,102,9,17,2,0,1,1,0,0,12,35,0,0,0,0,2,
stinsjo01,2012,1,MIL,NL,6,1,0,0,0,0,0,0,0,0,0,1,0,0,0,0,0,
maldoma01,2012,1,MIL,NL,200,528,49,119,21,1,16,68,1,1,41,142,2,8,8,0,11,
mesorde01,2014,1,CIN,NL,289,922,107,226,49,0,41,142,2,6,85,207,13,13,0,9,17,
milonto01,2013,1,OAK,AL,81,23,4,4,0,0,1,6,0,0,0,4,0,0,4,0,1,
richaan01,2014,1,NYA,AL,22,20,4,7,0,0,0,1,6,0,1,3,0,0,0,0,0,
satinjo01,2013,1,NYN,NL,116,251,28,61,18,0,3,22,1,1,37,82,2,3,0,1,7,
dominma01,2014,1,HOU,AL,357,1261,123,294,48,2,42,152,0,2,65,246,4,13,4,14,46,
hendrli01,2012,1,MIN,AL,17,2,0,0,0,0,0,0,0,0,0,1,0,0,0,0,0,
pachejo01,2012,1,COL,NL,317,959,89,269,58,4,8,106,7,2,44,135,2,8,3,6,25,
rosarwi01,2013,1,COL,NL,360,1281,182,351,69,2,65,212,9,6,65,298,7,2,0,11,35,
parmech01,2013,1,MIN,AL,273,812,74,202,40,2,24,85,1,4,75,210,1,9,0,5,20,
peacobr01,2014,1,HOU,AL,31,9,0,0,0,0,0,0,0,0,0,7,0,0,0,0,0,
brownco01,2012,1,WAS,NL,39,41,6,7,3,0,2,4,1,0,4,16,0,0,1,0,1,
lombast02,2012,1,WAS,NL,277,778,74,207,33,5,5,52,10,6,28,98,2,8,11,4,8,
axelrdy01,2014,1,CIN,NL,35,6,1,1,0,0,0,0,0,0,0,5,0,0,0,0,0,
hugheja02,2014,1,PIT,NL,158,5,0,0,0,0,0,0,0,0,0,4,0,0,0,0,0,
kontoge01,2014,1,SFN,NL,120,3,0,0,0,0,0,0,0,0,0,1,0,0,2,0,0,
lockeje01,2013,1,PIT,NL,63,108,6,11,0,0,0,0,0,0,4,60,0,0,8,0,1,
floripe01,2013,1,MIN,AL,214,624,68,127,24,3,10,57,24,7,52,173,1,2,11,3,12,
rominau01,2013,1,NYA,AL,76,167,19,34,10,0,1,11,1,0,9,46,0,1,3,1,7,
federti01,2013,1,LAN,NL,89,247,14,48,11,0,5,22,0,0,16,80,5,2,4,2,8,
pomerdr01,2012,1,COL,NL,34,34,2,7,2,0,1,1,0,0,1,19,0,0,7,0,1,
fiersmi01,2012,1,MIL,NL,48,55,0,4,0,0,0,2,0,0,0,32,0,0,14,0,0,
moorema02,2012,1,TBA,AL,58,6,0,0,0,0,0,1,0,0,0,2,0,0,1,0,0,
gomezhe01,2014,1,MIL,NL,17,26,3,5,1,0,0,1,0,0,2,11,1,0,0,0,0,
cedenxa01,2012,1,HOU,NL,44,1,0,0,0,0,0,0,0,0,0,1,0,0,0,0,0,
defraju01,2014,1,PHI,NL,54,1,0,0,0,0,0,0,0,0,0,1,0,0,0,0,0,
saverjo01,2012,1,PHI,NL,19,2,0,0,0,0,0,0,0,0,0,1,0,0,0,0,0,
clevest01,2012,1,CHN,NL,118,315,27,66,22,1,1,26,0,1,25,63,1,1,0,0,16,
cespeyo01,2013,1,OAK,AL,416,1616,233,425,82,15,71,262,30,13,115,367,13,15,0,13,30,
galvifr01,2013,1,PHI,NL,171,514,41,112,23,6,13,55,2,0,28,104,2,1,6,1,11,
pastoty01,2012,1,ATL,NL,124,239,30,58,7,2,2,15,2,1,17,48,1,1,10,1,5,
aokino01,2013,1,MIL,NL,438,1608,224,461,79,13,19,130,67,28,141,144,2,30,23,9,20,
vogtst01,2014,1,OAK,AL,149,429,44,109,16,3,13,51,1,1,27,69,3,1,2,3,4,
gonzama01,2014,1,HOU,AL,255,694,76,172,36,1,12,49,11,9,39,124,0,4,13,1,20,
flahery01,2014,1,BAL,AL,264,680,76,150,28,2,23,78,4,0,47,173,5,13,7,2,8,
kawasmu01,2014,1,TOR,AL,239,584,71,137,14,6,1,48,10,3,62,108,0,8,20,4,10,
oteroda01,2012,1,SFN,NL,12,1,0,0,0,0,0,0,0,0,0,1,0,0,0,0,0,
nieuwki01,2012,1,NYN,NL,199,489,66,118,29,3,13,58,10,4,53,169,4,2,3,5,4,
haguema01,2012,1,PIT,NL,33,72,5,16,2,0,0,7,1,0,3,15,0,1,0,0,2,
phelpda01,2014,1,NYA,AL,54,6,0,0,0,0,0,0,0,0,0,3,0,0,1,0,0,
rossro01,2012,1,TEX,AL,85,3,1,0,0,0,0,0,0,0,1,1,0,0,0,0,0,
ramirer02,2012,1,SEA,AL,47,6,0,0,0,0,0,0,0,0,0,2,0,0,1,0,0,
darviyu01,2014,1,TEX,AL,83,11,0,2,1,0,0,0,0,0,0,5,0,0,0,0,0,
chenwe02,2012,1,BAL,AL,86,6,0,0,0,0,0,0,0,0,0,3,0,0,1,0,0,
smylydr01,2014,1,DET,AL,44,2,0,0,0,0,0,0,0,0,0,1,0,0,0,0,0,
wielajo01,2012,1,SDN,NL,9,11,0,2,1,0,0,2,0,0,0,4,0,0,0,0,0,
polloaj01,2013,1,ARI,NL,243,789,113,219,51,12,17,70,27,8,61,139,2,4,5,3,11,
iwakuhi01,2014,1,SEA,AL,61,7,0,0,0,0,0,0,0,0,1,5,0,0,1,0,0,
hutchdr01,2014,1,TOR,AL,46,6,0,2,0,0,0,0,0,0,0,2,0,0,0,0,0,
peralwi01,2014,1,MIL,NL,70,118,5,11,3,0,0,3,0,0,3,49,0,0,17,1,2,
valdejo02,2012,1,NYN,NL,212,422,52,92,14,3,15,52,15,6,27,88,0,5,9,0,4,
harpebr03,2012,1,WAS,NL,357,1309,210,356,60,14,55,149,31,12,155,318,8,8,9,8,18,
moorety01,2013,1,WAS,NL,180,414,44,99,20,0,18,64,3,0,29,133,1,4,1,1,6,
jennida01,2012,1,MIA,NL,22,1,0,0,0,0,0,0,0,0,0,0,0,0,0,0,0,
middlwi01,2013,1,BOS,AL,232,830,89,197,42,0,34,122,8,3,48,238,4,9,1,6,28,
mikolmi01,2012,1,SDN,NL,35,4,0,0,0,0,0,0,0,0,0,1,0,0,1,0,0,
faluir01,2012,1,KCA,AL,47,119,14,33,6,1,0,8,1,2,8,14,1,0,2,1,4,
doziebr01,2014,1,MIN,AL,387,1472,217,355,77,6,47,170,44,16,156,307,1,16,10,15,32,
quintjo01,2014,1,CHA,AL,90,14,0,0,0,0,0,0,0,0,1,8,0,0,2,0,0,
vanslsc01,2014,1,LAN,NL,178,395,49,103,23,1,20,55,6,3,50,122,0,5,1,4,12,
friedch01,2012,1,COL,NL,33,30,1,3,0,0,0,0,0,0,3,17,0,0,1,0,0,
culbech01,2014,1,COL,NL,148,331,29,73,12,2,5,37,7,3,16,92,3,5,5,3,11,
leonsa01,2014,1,WAS,NL,34,95,9,18,3,0,1,5,0,0,10,32,0,2,0,0,2,
herreel01,2012,1,LAN,NL,140,330,40,86,17,2,1,22,8,3,26,88,1,2,3,1,6,
gomesya01,2014,1,CLE,AL,266,876,115,241,47,5,36,125,2,0,48,219,3,13,1,13,28,
adamsma01,2014,1,SLN,NL,277,909,109,257,54,5,34,132,3,3,54,218,5,3,0,7,21,
solando01,2013,1,MIA,NL,306,956,88,252,35,5,8,90,11,3,63,176,4,12,12,8,21,
calhoko01,2014,1,LAA,AL,206,711,121,193,39,5,25,91,8,5,61,151,1,3,2,7,11,
berryqu01,2012,1,DET,AL,117,301,52,80,10,6,3,33,25,0,26,83,0,7,6,1,4,
gonzami03,2014,1,BAL,AL,57,8,0,0,0,0,0,0,0,0,0,3,0,0,1,0,1,
mercejo03,2014,1,PIT,NL,294,901,96,237,54,5,21,87,7,4,61,165,18,9,10,7,21,
grandya01,2014,1,SDN,NL,216,657,88,161,34,2,24,94,3,0,107,172,4,4,0,9,16,
simmoan01,2013,1,ATL,NL,352,1312,137,330,53,12,27,124,11,10,84,136,6,4,7,9,46,
doolise01,2014,1,OAK,AL,62,1,0,0,0,0,0,0,0,0,0,0,0,0,0,0,0,
holadbr01,2014,1,DET,AL,84,195,25,47,7,1,1,17,1,1,10,42,0,2,6,4,4,
danksjo02,2013,1,CHA,AL,180,344,41,78,10,0,8,26,15,6,38,119,1,1,0,3,7,
negrokr01,2014,1,CIN,NL,53,148,21,40,10,1,6,17,5,0,13,42,0,1,1,0,2,
robincl01,2014,1,LAN,NL,13,13,3,3,0,0,0,2,0,0,1,3,0,0,0,0,0,
perezhe01,2013,1,DET,AL,44,73,15,15,0,1,0,5,1,0,3,16,0,0,2,1,2,
rosenbj01,2012,1,PHI,NL,22,3,0,1,0,0,0,1,0,0,0,1,0,0,1,0,0,
kellyjo05,2013,1,SLN,NL,86,82,7,14,4,0,0,4,1,0,0,23,0,2,8,1,0,
boxbebr01,2014,1,TBA,AL,105,3,0,0,0,0,0,0,0,0,0,1,0,0,1,0,0,
grimmju01,2014,1,CHN,NL,90,3,0,0,0,0,0,0,0,0,0,2,0,0,0,0,0,
keuchda01,2012,1,HOU,NL,80,25,2,2,0,0,0,1,0,0,2,14,0,0,5,1,0,
thornty01,2013,1,MIL,NL,54,22,1,1,1,0,0,0,0,0,0,10,0,1,2,0,0,
archech01,2014,1,TBA,AL,63,8,1,0,0,0,0,0,0,1,0,4,0,0,0,0,0,
norride01,2014,1,OAK,AL,285,858,106,211,43,2,26,119,12,3,112,223,4,6,2,4,23,
vinceni01,2014,1,SDN,NL,90,2,0,0,0,0,0,0,0,0,0,2,0,0,0,0,0,
perezma02,2013,1,TEX,AL,28,6,0,0,0,0,0,0,0,0,0,5,0,0,1,0,0,
bauertr01,2012,1,ARI,NL,34,7,0,0,0,0,0,0,0,0,0,4,0,0,1,0,0,
dysonsa01,2014,1,MIA,NL,36,2,0,0,0,0,0,0,0,0,0,0,0,0,0,0,0,
rutlejo01,2014,1,COL,NL,266,871,126,226,42,13,19,89,21,3,51,199,1,12,9,4,16,
edginjo01,2014,1,NYN,NL,47,1,0,0,0,0,0,0,0,0,0,1,0,0,0,0,0,
biancje01,2013,1,MIL,NL,162,375,34,81,11,1,4,40,4,4,18,76,0,1,4,4,6,
avilalu01,2012,1,ATL,NL,31,3,0,1,0,0,0,0,0,0,0,0,0,0,0,0,0,
loupaa01,2012,1,TOR,AL,33,1,0,0,0,0,0,0,0,0,0,0,0,0,0,0,0,
gosean01,2014,1,TOR,AL,202,552,71,129,21,9,5,36,34,11,47,170,0,7,9,1,15,
fifest01,2013,1,LAN,NL,18,27,1,3,1,0,0,0,0,0,1,15,0,0,1,0,0,
rosentr01,2014,1,SLN,NL,146,2,0,0,0,0,0,0,0,0,0,2,0,0,0,0,0,
hernape02,2014,1,COL,NL,1,2,0,0,0,0,0,0,0,0,0,2,0,0,0,0,0,
wheelry01,2012,1,ARI,NL,109,206,18,48,10,1,3,30,1,0,15,44,0,0,0,4,6,
segurje01,2013,1,MIL,NL,337,1252,154,338,38,19,17,94,71,23,66,177,9,10,13,5,31,
martest01,2013,1,PIT,NL,317,1172,174,330,58,22,30,108,83,31,66,319,2,44,8,3,16,
sierrmo01,2012,1,TOR,AL,180,415,47,101,25,3,9,37,5,1,30,116,1,2,0,2,4,
oltmi01,2014,1,CHN,NL,105,258,25,41,9,0,12,38,1,2,30,113,0,3,0,7,4,
hechaad01,2013,1,MIA,NL,335,1205,93,303,42,18,6,91,18,15,60,214,6,2,13,8,42,
mcbrima02,2012,1,COL,NL,52,109,14,23,4,0,4,17,0,0,3,29,0,2,0,1,4,
jacksbr01,2012,1,CHN,NL,51,124,14,21,6,1,4,9,0,3,23,60,0,0,0,0,1,
barnebr02,2013,1,HOU,AL,311,798,91,193,37,5,17,75,17,16,41,256,0,9,13,2,17,
jenkich01,2013,1,TOR,AL,10,2,0,0,0,0,0,0,0,0,0,2,0,0,0,0,0,
machama01,2013,1,BAL,AL,289,1185,150,330,73,6,33,129,10,7,58,219,2,5,12,6,34,
elmorja01,2013,1,HOU,AL,87,199,17,44,8,0,2,13,1,6,19,30,0,0,2,1,2,
redmoto01,2013,1,TOR,AL,60,5,1,0,0,0,0,0,0,0,1,2,0,0,1,0,0,
wilsoju10,2013,1,PIT,NL,128,6,0,0,0,0,0,0,0,0,0,6,0,0,1,0,0,
rusinch01,2013,1,CHN,NL,24,34,1,4,0,1,0,2,0,0,0,9,0,0,2,0,0,
skaggty01,2013,1,ARI,NL,31,20,0,2,0,0,0,1,0,0,0,11,0,0,5,0,0,
mchugco01,2013,2,COL,NL,40,12,0,1,0,0,0,0,0,0,0,4,0,0,1,0,0,
aumonph01,2014,1,PHI,NL,5,1,0,0,0,0,0,0,0,0,0,1,0,0,0,0,0,
garciav01,2014,1,CHA,AL,141,463,57,126,15,3,14,63,7,6,26,113,2,4,0,4,14,
perezeu01,2014,1,NYA,AL,26,23,6,4,0,0,0,0,5,0,0,6,0,0,0,0,0,
loughda01,2013,1,KCA,AL,228,548,75,147,25,8,9,51,14,7,29,94,0,5,10,5,8,
holtbr01,2014,1,BOS,AL,156,573,83,157,27,6,4,43,13,2,44,116,0,2,10,7,8,
machije01,2014,1,SFN,NL,122,2,0,0,0,0,0,0,0,0,0,1,0,0,1,0,0,
eatonad02,2014,1,CHA,AL,211,821,135,231,39,16,6,62,22,14,74,142,0,14,6,3,8,
familje01,2014,1,NYN,NL,84,4,0,2,0,0,0,1,0,0,0,1,0,0,0,0,0,
gregodi01,2013,1,ARI,NL,191,647,83,157,25,8,13,57,3,2,59,122,8,9,5,3,5,
villape01,2014,1,CIN,NL,14,3,0,1,0,0,0,0,0,0,0,1,0,0,0,0,0,
koehlto01,2014,1,MIA,NL,69,90,1,6,0,0,0,0,0,0,1,45,0,0,10,0,2,
millesh01,2013,1,SLN,NL,69,104,9,15,7,0,1,6,0,0,3,54,0,1,21,0,3,
triunca01,2013,1,SEA,AL,39,81,6,13,3,0,1,6,0,0,2,20,0,1,2,1,1,
rodrist02,2013,1,LAN,NL,76,1,0,0,0,0,0,0,0,0,0,1,0,0,0,0,0,
cingrto01,2013,1,CIN,NL,40,50,4,10,1,0,0,1,1,0,0,15,0,0,8,0,0,
scahiro01,2013,1,COL,NL,29,2,0,0,0,0,0,0,0,0,1,0,0,0,1,0,0,
rufda01,2013,1,PHI,NL,137,386,53,97,21,1,20,48,0,0,43,135,2,11,1,6,7,
morribr01,2013,1,PIT,NL,76,6,1,1,0,0,0,0,0,0,0,3,0,0,0,0,0,
herrmch01,2013,1,MIN,AL,97,250,24,49,10,0,4,23,1,1,23,71,0,0,3,0,5,
solisal01,2014,1,TBA,AL,13,10,0,0,0,0,0,1,0,0,0,6,0,0,1,0,0,
odorija01,2014,1,TBA,AL,31,4,0,0,0,0,0,1,0,0,1,3,0,0,1,0,0,
hoeslj01,2013,2,HOU,AL,104,293,36,69,12,2,4,21,7,1,22,66,0,1,1,4,9,
gyorkje01,2013,1,SDN,NL,236,886,99,205,43,1,33,114,4,3,69,223,2,8,0,5,22,
hicksaa01,2013,1,MIN,AL,150,467,59,94,19,3,9,45,13,6,60,140,0,2,6,3,2,
daviskh01,2014,1,MIL,NL,200,637,97,160,47,2,33,96,7,1,43,156,0,15,0,7,17,
bradlja02,2014,1,BOS,AL,164,479,63,94,24,2,4,40,10,0,41,152,1,7,1,2,11,
marteal01,2014,1,ARI,NL,66,149,12,26,8,1,2,13,1,0,10,46,0,2,1,0,2,
ryuhy01,2013,1,LAN,NL,56,105,9,19,5,1,0,7,0,0,3,40,0,0,14,0,1,
gattiev01,2014,1,ATL,NL,213,723,85,183,38,1,43,117,0,0,43,178,7,12,0,5,19,
freimna01,2013,1,OAK,AL,116,277,22,71,13,1,9,39,0,0,19,54,1,3,0,2,14,
maurebr01,2014,1,SEA,AL,38,1,0,0,0,0,0,0,0,0,0,0,0,0,1,0,0,
garcile02,2014,1,CHA,AL,119,246,23,44,4,1,1,8,18,3,12,82,1,0,6,2,6,
fernajo02,2013,1,MIA,NL,36,66,6,13,1,1,1,6,0,0,0,26,0,0,9,1,2,
tepesni01,2013,1,TEX,AL,42,5,0,1,0,0,0,0,0,0,0,1,0,0,0,0,0,
jimenlu02,2013,1,LAA,AL,52,141,18,33,8,0,0,7,0,2,2,41,0,5,2,1,3,
irwinph01,2013,1,PIT,NL,1,1,0,0,0,0,0,0,0,0,0,1,0,0,0,0,0,
arciaos01,2014,1,MIN,AL,200,723,80,174,33,5,34,100,2,4,54,244,4,10,0,1,10,
rendoan01,2014,1,WAS,NL,251,964,151,269,62,7,28,118,18,4,89,173,5,10,4,10,18,
cisnejo01,2013,1,HOU,AL,28,1,0,0,0,0,0,0,0,0,0,1,0,0,0,0,0,
pettijo02,2013,1,PHI,NL,20,31,4,3,1,0,0,0,0,0,3,15,0,0,0,0,0,
lagarju01,2014,1,NYN,NL,237,808,81,212,45,8,8,81,19,7,40,183,5,9,8,8,12,
grossro01,2014,1,HOU,AL,166,617,71,153,28,2,10,58,15,10,78,175,1,4,8,3,9,
arenano01,2013,1,COL,NL,244,918,107,254,63,6,28,113,4,1,48,130,2,5,3,7,29,
lutzdo01,2013,1,CIN,NL,62,109,7,23,5,0,1,9,2,0,4,33,1,0,0,0,0,
nunovi01,2014,2,ARI,NL,14,18,2,1,0,0,0,0,0,0,0,8,0,1,6,0,1,
erlinro01,2014,1,SDN,NL,24,34,0,3,0,0,0,2,0,0,2,11,0,0,2,0,0,
ozunama01,2014,1,MIA,NL,223,840,103,225,43,9,26,117,8,2,54,221,1,3,1,5,18,
martica04,2014,1,SLN,NL,78,14,0,3,0,0,0,2,0,0,0,5,0,0,1,0,0,
manesse01,2014,1,SLN,NL,139,10,0,3,0,0,0,0,0,0,0,3,0,0,0,0,1,
dietrde01,2013,1,MIA,NL,106,373,63,82,16,4,14,40,2,0,24,94,1,17,2,0,2,
sotone01,2014,1,CIN,NL,34,42,1,3,1,0,0,1,1,0,0,14,0,1,0,1,3,
lyonsty01,2013,1,SLN,NL,23,19,0,2,0,0,0,0,0,0,2,9,0,0,1,0,1,
colabch01,2014,1,MIN,AL,114,365,31,78,16,0,13,56,0,3,34,124,1,2,0,0,7,
gausmke01,2014,1,BAL,AL,40,4,0,0,0,0,0,0,0,0,0,3,0,0,0,0,0,
sucreje01,2014,1,SEA,AL,29,87,5,18,2,0,0,8,0,0,2,18,0,0,3,1,2,
koberje01,2013,1,WAS,NL,28,36,10,5,0,0,1,1,3,2,6,7,0,2,0,0,0,
frankni01,2013,1,SEA,AL,130,450,45,96,22,2,13,51,8,1,48,145,1,1,0,3,4,
karnsna01,2013,1,WAS,NL,3,3,0,0,0,0,0,0,0,0,0,1,0,0,2,0,1,
kickhmi01,2013,1,SFN,NL,12,6,0,1,1,0,0,0,0,0,0,1,0,0,0,0,0,
hernace02,2013,1,PHI,NL,100,235,30,62,7,0,1,14,1,4,18,59,1,1,1,1,3,
colomal01,2013,1,TBA,AL,3,2,0,0,0,0,0,0,0,0,0,1,0,0,0,0,0,
lucased01,2013,1,MIA,NL,163,530,62,135,19,1,5,37,2,1,34,126,1,2,6,1,10,
wachami01,2014,1,SLN,NL,34,50,1,4,0,0,0,5,0,0,0,28,0,0,4,0,0,
woodal02,2014,1,ATL,NL,66,62,2,3,0,0,0,2,0,0,2,43,0,0,6,0,0,
gennesc01,2014,1,MIL,NL,206,653,84,196,42,5,15,75,8,4,32,109,5,1,13,5,11,
puigya01,2014,1,LAN,NL,252,940,158,287,58,11,35,111,22,15,103,221,9,23,2,4,13,
krolia01,2014,1,DET,AL,45,1,0,0,0,0,0,0,0,0,0,0,0,0,0,0,0,
siegrke01,2013,1,SLN,NL,45,1,0,0,0,0,0,0,0,0,0,1,0,0,0,0,0,
perezju02,2014,1,SFN,NL,95,189,21,40,12,0,2,11,2,1,11,46,0,2,3,1,6,
partccu01,2013,1,CIN,NL,14,1,0,0,0,0,0,0,0,0,0,0,0,0,0,0,0,
alvarjo02,2013,1,DET,AL,14,1,0,0,0,0,0,0,0,0,1,0,0,0,0,0,0,
colege01,2014,1,PIT,NL,42,80,6,15,0,0,1,7,0,0,3,31,0,0,5,0,2,
zuninmi01,2014,1,SEA,AL,183,611,73,124,25,2,27,74,1,3,33,207,1,20,0,5,17,
withrch01,2013,1,LAN,NL,26,1,0,0,0,0,0,0,0,0,0,1,0,0,1,0,0,
cumptbr01,2014,1,PIT,NL,22,26,1,2,0,0,0,1,0,0,2,11,0,0,4,0,0,
gindlca01,2013,1,MIL,NL,65,151,17,35,7,2,5,14,2,1,24,30,1,0,2,1,0,
myerswi01,2013,1,TBA,AL,175,660,87,170,37,0,19,88,11,3,67,181,9,1,0,6,20,
wheelza01,2014,1,NYN,NL,52,80,2,8,2,0,0,5,0,0,2,37,0,0,15,0,0,
almonzo01,2013,1,NYA,AL,47,142,11,30,4,0,2,12,4,1,6,33,0,0,0,1,3,
deckeja01,2013,1,SDN,NL,18,31,3,4,0,0,1,2,0,1,3,7,0,0,1,1,0,
krausma01,2014,1,HOU,AL,119,320,27,64,15,0,10,34,2,0,31,99,0,2,0,1,9,
spruize01,2014,1,ARI,NL,12,6,0,1,1,0,0,0,0,0,0,2,0,0,0,0,0,
dickeco01,2014,1,COL,NL,200,630,106,187,40,11,29,93,10,9,53,142,6,1,1,6,7,
sanchto01,2014,1,PIT,NL,48,135,12,34,5,0,4,18,0,0,6,42,0,3,0,2,2,
millebr02,2014,1,SEA,AL,199,673,88,162,26,10,18,72,9,5,58,147,2,3,5,5,4,
gibsoky01,2014,1,MIN,AL,31,4,0,1,0,0,0,0,0,0,0,2,0,0,0,0,0,
diazjo02,2014,1,TOR,AL,28,42,5,6,1,0,0,4,1,0,3,14,0,2,2,0,1,
jordata01,2013,1,WAS,NL,14,22,1,3,0,0,0,0,0,0,0,7,0,0,4,0,0,
dominjo01,2014,1,LAN,NL,14,2,0,0,0,0,0,0,0,0,0,2,0,0,0,0,0,
roech01,2013,1,ARI,NL,21,1,0,0,0,0,0,0,0,0,0,1,0,0,0,0,0,
terdojo01,2013,1,ATL,NL,64,89,12,20,6,0,0,6,1,0,12,27,1,1,0,1,2,
phegljo01,2013,1,CHA,AL,76,241,18,50,9,0,7,29,2,0,5,52,0,0,2,3,6,
greengr01,2013,2,LAA,AL,88,239,23,62,13,1,2,28,1,4,12,64,0,1,0,4,6,
grayso01,2014,1,OAK,AL,33,2,0,0,0,0,0,0,0,0,0,1,0,0,2,0,0,
garcilu03,2013,1,PHI,NL,24,2,0,0,0,0,0,0,0,0,0,1,0,0,0,0,0,
workmbr01,2014,1,BOS,AL,19,3,0,0,0,0,0,0,0,0,0,3,0,0,1,0,0,
salazda01,2014,1,CLE,AL,30,5,0,0,0,0,0,0,0,0,0,5,0,0,0,0,0,
cosarja01,2014,2,MIA,NL,30,21,1,4,0,0,0,0,0,0,0,7,0,0,3,0,1,
germego01,2014,1,NYN,NL,54,2,0,0,0,0,0,0,0,0,0,2,0,0,0,0,0,
delareu01,2014,1,ARI,NL,44,3,0,0,0,0,0,0,0,0,0,2,0,0,1,0,0,
lakeju01,2014,1,CHN,NL,172,544,56,132,26,3,15,41,11,7,27,178,0,5,2,2,5,
villajo01,2014,1,HOU,AL,145,473,57,106,22,4,8,35,35,12,43,151,2,2,11,1,9,
marisja01,2014,2,HOU,AL,105,330,27,75,10,1,4,24,14,4,14,94,3,4,3,4,3,
yelicch01,2014,1,MIA,NL,206,822,128,234,42,7,13,70,31,7,101,203,4,4,3,3,13,
wootero01,2013,1,MIL,NL,27,1,0,0,0,0,0,0,0,0,0,1,0,0,0,0,0,
ascheco01,2014,1,PHI,NL,171,559,61,138,33,1,15,68,1,1,48,145,7,1,3,2,7,
zeidjo01,2014,1,HOU,AL,23,1,0,0,0,0,0,0,0,0,0,1,0,0,0,0,0,
kiescro01,2013,1,SFN,NL,63,125,8,25,1,1,1,7,0,0,11,45,2,0,0,0,3,
gosewtu01,2014,1,ARI,NL,55,174,7,37,10,0,1,10,0,0,3,32,0,0,1,1,9,
bettich01,2013,1,COL,NL,38,14,0,0,0,0,0,0,0,0,0,5,0,0,3,0,0,
martiet01,2013,1,PHI,NL,15,9,0,0,0,0,0,0,0,0,0,6,0,0,1,0,0,
watkilo01,2014,1,CHN,NL,58,103,12,24,4,0,1,6,1,0,4,30,1,1,2,0,0,
florewi01,2014,1,NYN,NL,105,354,36,85,18,1,7,42,1,0,17,54,2,1,1,2,7,
roarkta01,2014,1,WAS,NL,45,72,1,11,1,0,0,1,0,0,1,26,0,0,12,0,1,
butlejo04,2013,1,TEX,AL,14,17,3,4,2,0,0,1,0,0,4,9,0,0,0,0,0,
lamboan01,2014,1,PIT,NL,39,69,7,17,6,0,1,3,0,1,3,19,0,0,0,0,2,
pillake01,2014,1,TOR,AL,89,218,30,52,13,0,5,20,1,3,8,57,0,3,2,1,3,
gosseph01,2014,1,ATL,NL,50,134,19,36,4,0,1,3,2,2,6,29,1,2,1,0,1,
wongko01,2014,1,SLN,NL,145,461,58,109,15,3,12,42,23,4,24,83,3,4,5,1,14,
darnatr01,2014,1,NYN,NL,139,484,52,113,25,3,14,46,1,0,44,85,5,2,1,2,18,
johnskr01,2013,1,PIT,NL,7,3,0,0,0,0,0,0,0,0,0,2,0,0,1,0,0,
stassma01,2014,1,HOU,AL,10,27,2,9,2,0,0,5,0,0,0,8,0,1,0,0,1,
bogaexa01,2014,1,BOS,AL,162,582,67,140,30,1,13,51,3,3,44,151,1,8,2,8,12,
goinsry01,2014,1,TOR,AL,101,300,25,64,11,3,3,23,0,1,7,70,0,0,6,1,5,
chrisni01,2014,1,CIN,NL,10,1,0,0,0,0,0,0,0,0,0,0,0,0,0,0,0,
holmbda01,2014,1,CIN,NL,8,6,0,0,0,0,0,0,0,0,0,3,0,0,2,0,0,
dendema01,2014,1,NYN,NL,80,210,30,50,12,0,1,13,11,5,25,57,0,2,0,0,1,
almonab01,2014,1,SEA,AL,84,276,29,66,14,1,5,24,5,3,18,81,0,1,4,3,7,
adducji02,2014,1,TEX,AL,61,132,15,25,4,0,1,8,5,1,13,36,0,0,1,2,2,
casteni01,2014,1,DET,AL,159,551,51,143,31,4,11,66,2,2,36,141,3,3,0,7,7,
pintojo01,2014,1,MIN,AL,78,245,35,63,13,0,11,30,0,1,30,72,0,2,0,3,10,
ramirjo01,2014,1,CLE,AL,83,249,32,66,10,3,2,17,10,2,15,37,0,1,13,2,3,
murphjr01,2014,1,NYA,AL,48,107,10,27,5,0,1,10,0,0,5,31,0,0,0,0,0,
choicmi01,2014,1,TEX,AL,95,271,22,51,7,1,9,36,1,0,22,75,0,3,0,3,11,
hamilbi02,2014,1,CIN,NL,165,582,81,148,27,8,6,49,69,24,36,121,0,1,10,4,1,
owingch01,2014,1,ARI,NL,111,365,39,97,20,6,6,31,10,1,22,77,1,2,2,2,4,
semiema01,2014,1,CHA,AL,85,300,37,72,14,2,8,35,5,2,22,92,0,1,2,1,7,
pimenst01,2014,1,PIT,NL,25,6,0,0,0,0,0,0,0,0,0,3,0,0,0,0,0,
flynnbr01,2013,1,MIA,NL,6,7,0,2,0,0,0,0,0,0,0,2,0,0,1,0,0,
johnser04,2014,1,CHA,AL,5,3,0,0,0,0,0,0,0,0,0,0,0,0,0,0,0,
walteza01,2014,2,CLE,AL,70,135,18,26,3,1,10,18,0,0,10,48,0,1,0,0,1,
nelsoji02,2014,1,MIL,NL,18,23,1,3,1,0,0,0,0,0,0,9,0,0,1,0,1,
paxtoja01,2014,1,SEA,AL,17,2,1,0,0,0,0,0,0,0,1,2,0,0,1,0,0,
adriaeh01,2014,1,SFN,NL,62,115,13,27,7,0,1,8,1,1,6,27,1,1,3,1,3,
ruppca01,2014,1,PHI,NL,22,73,5,15,5,0,0,8,0,0,5,24,0,0,0,0,5,
medicto01,2014,1,SDN,NL,121,309,40,76,13,2,12,37,6,1,24,98,0,4,0,1,5,
haleda02,2014,1,ATL,NL,47,21,1,1,0,0,0,1,0,0,0,11,0,0,1,1,0,
perezau01,2013,1,SLN,NL,2,1,0,0,0,0,0,0,0,0,0,1,0,0,0,0,0,
ventuyo01,2014,1,KCA,AL,31,4,1,1,0,0,0,0,0,0,0,3,0,0,1,0,0,
centeju01,2014,1,NYN,NL,14,40,1,9,0,0,0,3,0,0,3,6,0,0,0,0,2,
shoemma01,2014,1,LAA,AL,27,1,0,0,0,0,0,0,0,0,0,1,0,0,1,0,0,
tovarwi01,2013,1,NYN,NL,9,18,1,3,0,0,0,2,1,0,1,3,1,1,2,0,2,
schoojo01,2014,1,BAL,AL,142,469,53,99,18,0,17,46,2,0,14,124,0,8,5,0,14,
bethach01,2014,1,ATL,NL,32,114,7,28,3,0,0,9,1,1,3,27,0,1,0,0,3,
kiermke01,2014,1,TBA,AL,108,331,35,87,16,8,10,35,5,4,23,71,2,3,5,2,3,
guerral01,2014,1,LAN,NL,11,13,0,1,0,0,0,0,0,0,0,6,0,0,0,0,0,
schulbo02,2014,1,ARI,NL,4,1,0,0,0,0,0,0,0,0,0,0,0,0,0,0,0,
abreujo02,2014,1,CHA,AL,145,556,80,176,35,2,36,107,3,1,51,131,15,11,0,4,14,
collity01,2014,1,DET,AL,18,24,3,6,0,0,1,4,0,0,1,4,0,0,0,0,1,
schlogu01,2014,1,ATL,NL,15,1,0,1,0,0,0,0,0,0,0,0,0,0,0,0,0,
romerst01,2014,1,SEA,AL,72,177,19,34,6,2,3,11,0,4,4,48,0,6,2,1,5,
solarya01,2014,1,NYA,AL,131,469,56,122,19,1,10,48,0,1,53,58,1,4,3,6,13,
nietoad01,2014,1,CHA,AL,48,106,8,25,5,0,2,7,0,1,8,38,0,1,3,0,3,
roachdo01,2014,1,SDN,NL,16,4,0,1,1,0,0,0,0,0,0,1,0,0,0,0,0,
barnhtu01,2014,1,CIN,NL,21,54,3,10,0,0,1,1,0,0,4,10,1,0,2,0,0,
kahnlto01,2014,1,COL,NL,54,3,0,0,0,0,0,0,0,0,0,1,0,0,1,0,0,
eliasro01,2014,1,SEA,AL,29,4,0,0,0,0,0,0,0,0,0,1,0,0,0,0,0,
tanakma01,2014,1,NYA,AL,20,9,0,1,0,0,0,0,0,0,0,5,0,0,0,0,0,
annade01,2014,1,NYA,AL,12,22,3,3,1,0,1,3,0,0,2,6,0,0,0,1,0,
martini01,2014,1,TEX,AL,32,3,1,0,0,0,0,0,0,0,0,2,0,0,0,0,0,
treinbl01,2014,1,WAS,NL,15,12,0,1,0,0,0,0,0,0,1,8,0,0,2,0,0,
souzast01,2014,1,WAS,NL,21,23,2,3,0,0,2,2,0,0,3,7,0,0,0,0,1,
bolsimi01,2014,1,ARI,NL,10,19,1,2,0,0,0,1,0,0,0,7,0,0,1,0,0,
springe01,2014,1,HOU,AL,78,295,45,68,8,1,20,51,5,2,39,114,4,9,0,2,4,
jonesja06,2014,1,SEA,AL,108,312,46,78,9,5,0,9,27,1,12,67,0,0,4,0,4,
sardilu01,2014,1,TEX,AL,43,115,12,30,6,0,0,8,5,1,5,21,0,2,3,0,5,
peterja01,2014,1,SDN,NL,27,53,3,6,0,0,0,0,2,0,2,18,1,1,2,0,1,
garcigr01,2014,1,SLN,NL,14,14,2,2,1,0,0,1,0,0,1,6,0,3,0,0,0,
grichra01,2014,1,SLN,NL,47,110,11,27,6,1,3,8,0,2,5,31,0,0,1,0,4,
roberda09,2014,1,TEX,AL,70,177,23,48,9,1,0,21,6,4,17,28,0,0,2,1,3,
inciaen01,2014,1,ARI,NL,118,418,54,116,18,2,4,27,19,3,25,53,0,0,4,0,3,
croncj01,2014,1,LAA,AL,79,242,28,62,12,1,11,37,0,0,10,61,0,1,0,0,10,
santada01,2014,1,MIN,AL,101,405,70,129,27,7,7,40,20,4,19,98,0,3,2,1,3,
rayro02,2014,1,DET,AL,9,2,0,1,0,0,0,0,0,0,0,0,0,0,0,0,0,
josepca01,2014,1,BAL,AL,82,246,22,51,9,0,9,28,0,1,17,69,0,3,6,3,6,
odorro01,2014,1,TEX,AL,114,386,39,100,14,7,9,48,4,7,17,71,1,5,6,3,7,
campber01,2014,1,NYN,NL,85,190,16,50,9,0,3,16,3,0,17,55,0,1,0,3,5,
anderch01,2014,1,ARI,NL,22,34,0,1,0,0,0,0,0,0,0,14,0,1,6,0,0,
desclan01,2014,1,MIA,NL,13,10,1,1,0,0,0,2,0,0,1,3,0,0,0,0,1,
montera01,2014,1,NYN,NL,10,11,0,0,0,0,0,0,0,0,0,5,0,0,2,0,0,
aguilje01,2014,1,CLE,AL,19,33,2,4,0,0,0,3,0,0,4,13,0,0,0,1,1,
whitlch01,2014,1,NYA,AL,24,5,0,1,0,0,0,0,0,0,0,0,0,0,0,0,0,
degroja01,2014,1,NYN,NL,23,46,3,10,2,0,0,2,0,0,1,13,0,0,6,0,2,
figueco01,2014,1,TBA,AL,23,43,6,10,2,1,0,6,0,0,4,4,0,0,0,2,0,
housetj01,2014,1,CLE,AL,19,2,0,0,0,0,0,0,0,0,0,2,0,0,0,0,0,
duffyma01,2014,1,SFN,NL,34,60,5,16,2,0,0,8,0,1,1,14,0,2,1,0,1,
panikjo01,2014,1,SFN,NL,73,269,31,82,10,2,1,18,0,0,16,33,0,0,1,1,4,
paulsbe01,2014,1,COL,NL,31,63,8,20,4,0,4,10,0,0,2,19,1,1,0,0,1,
susacan01,2014,1,SFN,NL,35,88,13,24,8,0,3,19,0,0,7,28,0,0,0,0,0,
brownbr02,2014,1,COL,NL,28,1,0,0,0,0,0,0,0,0,0,1,0,0,0,0,0,
arrueer01,2014,1,LAN,NL,22,41,4,8,1,0,0,4,0,0,3,17,0,0,0,1,1,
buchada01,2014,1,PHI,NL,20,30,2,3,1,0,0,2,0,0,4,10,0,0,5,0,0,
lasteto01,2014,1,ATL,NL,93,319,22,80,16,1,1,31,2,1,36,40,2,1,3,1,8,
romakja01,2014,1,LAN,NL,15,21,2,1,1,0,0,3,0,0,2,8,0,0,0,0,1,
taveros01,2014,1,SLN,NL,80,234,18,56,8,0,3,22,0,1,12,37,0,1,0,1,10,
cecchga01,2014,1,BOS,AL,11,31,6,8,3,0,1,4,0,0,3,11,0,2,0,0,0,
peralda01,2014,1,ARI,NL,88,329,40,94,12,9,8,36,6,3,16,60,0,1,1,1,9,
hassaal01,2014,1,BOS,AL,3,8,1,1,0,0,0,0,0,0,1,5,0,0,0,0,0,
singljo02,2014,1,HOU,AL,95,310,42,52,13,0,13,44,2,3,50,134,1,1,0,1,4,
hahnje01,2014,1,SDN,NL,15,22,1,2,0,0,0,1,0,0,0,12,0,0,2,0,0,
suareeu01,2014,1,DET,AL,85,244,33,59,9,1,4,23,3,2,22,67,1,5,5,1,3,
bourju01,2014,1,MIA,NL,39,74,10,21,3,0,1,11,0,0,9,19,1,0,0,0,0,
realmjt01,2014,1,MIA,NL,11,29,4,7,1,1,0,9,0,0,1,8,0,0,0,0,2,
rojasmi02,2014,1,LAN,NL,85,149,16,27,3,0,1,9,0,0,10,28,1,2,1,0,5,
butleed01,2014,1,COL,NL,3,6,0,0,0,0,0,0,0,0,0,3,0,0,0,0,0,
bergmch01,2014,1,COL,NL,10,19,0,1,0,0,0,0,0,0,0,6,0,0,1,0,0,
polangr01,2014,1,PIT,NL,89,277,50,65,9,0,7,33,14,5,30,59,1,0,2,2,1,
matzety01,2014,1,COL,NL,21,38,2,7,1,0,0,0,0,0,2,13,0,0,3,0,1,
greenni02,2014,1,SLN,NL,19,5,0,0,0,0,0,0,0,0,0,0,0,0,1,0,0,
parkeky01,2014,1,COL,NL,18,26,1,5,1,0,0,1,0,0,0,14,0,0,0,0,0,
altheaa01,2014,1,PHI,NL,2,5,0,0,0,0,0,0,0,0,0,2,0,0,0,0,0,
heanean01,2014,1,MIA,NL,7,8,0,1,0,0,0,0,0,0,0,2,0,0,1,0,0,
goebbja01,2014,1,SDN,NL,51,101,12,22,1,3,1,10,2,1,12,32,3,2,0,0,0,
buchaja01,2014,1,HOU,AL,17,1,0,0,0,0,0,0,0,0,0,0,0,0,0,0,0,
contrca01,2014,1,CIN,NL,17,1,0,0,0,0,0,0,0,0,0,1,0,0,0,0,0,
despaod01,2014,1,SDN,NL,16,24,0,0,0,0,0,0,0,0,1,10,0,0,3,0,0,
gonzama02,2014,1,SLN,NL,10,10,1,3,2,0,0,0,0,0,0,2,0,0,2,0,0,
hillta01,2014,1,WAS,NL,3,3,0,1,0,0,0,0,0,0,0,0,0,0,0,0,0,
flandyo01,2014,1,COL,NL,16,12,0,1,0,0,0,1,0,0,1,6,0,0,4,0,0,
duvalad01,2014,1,SFN,NL,28,73,8,14,2,0,3,5,0,0,3,20,0,1,0,0,0,
polanjo01,2014,1,MIN,AL,5,6,2,2,1,1,0,3,0,0,2,2,0,0,0,0,0,
glennbr01,2014,1,TOR,AL,6,15,0,1,0,0,0,0,0,0,1,5,0,0,0,0,0,
beeleda01,2014,1,CHN,NL,2,4,0,1,0,0,0,0,0,0,0,2,0,0,0,0,0,
ahmedni01,2014,1,ARI,NL,25,70,9,14,2,0,1,4,0,1,3,10,0,0,2,0,2,
bettsmo01,2014,1,BOS,AL,52,189,34,55,12,1,5,18,7,3,21,31,0,2,1,0,2,
colonch01,2014,1,KCA,AL,21,45,8,15,5,1,0,6,2,0,3,4,0,0,1,0,1,
hernaen02,2014,1,HOU,AL,42,121,13,30,6,3,3,14,0,0,12,21,0,1,0,0,1,
santado01,2014,1,HOU,AL,6,17,1,0,0,0,0,0,0,0,1,14,0,0,0,0,0,
wheelze01,2014,1,NYA,AL,29,57,6,11,0,0,2,5,0,0,2,12,0,1,1,1,1,
belnovi01,2014,1,TBA,AL,4,10,1,1,1,0,0,1,0,0,3,3,1,0,0,1,0,
holtty01,2014,1,CLE,AL,36,71,4,19,2,0,0,2,2,2,3,25,0,1,1,0,1,
smolija01,2014,1,TEX,AL,24,86,12,30,5,0,3,12,0,0,3,24,0,3,0,0,1,
wadats01,2014,1,CHN,NL,13,20,0,1,0,0,0,0,0,0,1,10,0,0,3,0,0,
alcanar01,2014,1,CHN,NL,70,278,31,57,11,2,10,29,8,5,17,93,0,2,1,2,3,
vazquch01,2014,1,BOS,AL,55,175,15,42,9,0,1,20,0,0,19,33,1,0,3,4,4,
perezro02,2014,1,CLE,AL,29,85,10,23,5,0,1,4,0,0,5,26,0,0,5,0,2,
hendrky01,2014,1,CHN,NL,14,24,1,3,0,0,0,1,0,0,3,11,0,0,3,0,0,
sanchca01,2014,1,CHA,AL,28,100,6,25,5,0,0,5,1,1,3,25,0,0,0,1,1,
casalcu01,2014,1,TBA,AL,30,72,10,12,3,0,0,3,0,0,8,23,0,2,2,0,2,
tayloch03,2014,1,SEA,AL,47,136,16,39,8,0,0,9,5,2,11,39,0,2,1,1,3,
burnsbi02,2014,1,OAK,AL,13,6,4,1,0,0,0,0,3,1,0,0,0,0,0,0,0,
adamecr01,2014,1,COL,NL,7,15,1,1,0,0,0,0,0,0,0,5,0,0,0,0,1,
vargake01,2014,1,MIN,AL,53,215,26,59,10,1,9,38,0,0,12,63,2,3,0,4,5,
ranauan01,2014,1,BOS,AL,7,5,0,0,0,0,0,0,0,0,0,3,0,0,0,0,0,
friasca01,2014,1,LAN,NL,15,7,0,0,0,0,0,0,0,0,0,4,0,0,0,0,0,
baezja01,2014,1,CHN,NL,52,213,25,36,6,0,9,20,5,1,15,95,0,1,0,0,5,
lambja01,2014,1,ARI,NL,37,126,15,29,4,1,4,11,1,1,6,37,0,0,0,1,4,
butleda01,2014,1,BOS,AL,7,19,1,4,3,0,0,2,0,0,1,5,0,0,0,0,1,
liriary01,2014,1,SDN,NL,38,109,13,24,2,0,1,6,4,1,9,39,1,2,0,1,6,
taylomi02,2014,1,WAS,NL,17,39,5,8,3,0,1,5,0,2,3,17,0,1,0,0,1,
chafian01,2014,1,ARI,NL,3,2,0,1,0,0,0,1,0,0,0,1,0,0,0,0,0,
szczuma01,2014,1,CHN,NL,33,62,6,14,2,0,2,5,0,0,4,11,0,0,0,0,1,
telisto01,2014,1,TEX,AL,18,68,7,17,2,0,0,8,0,0,1,10,0,1,1,0,2,
corcida01,2014,1,CIN,NL,5,3,0,1,0,0,0,0,0,0,0,0,0,0,2,0,0,
solerjo01,2014,1,CHN,NL,24,89,11,26,8,1,5,20,1,0,6,24,0,0,0,2,3,
willija01,2014,1,COL,NL,7,14,1,3,0,0,1,3,0,0,2,4,0,0,0,0,1,
ruary01,2014,1,TEX,AL,28,105,11,31,7,0,2,14,1,0,2,18,0,2,0,0,6,
riverca02,2014,1,BOS,AL,4,7,1,4,2,0,1,3,0,0,1,0,0,0,0,0,0,
herredi01,2014,1,NYN,NL,18,59,6,13,0,1,3,11,0,0,7,17,0,0,0,0,3,
gorete01,2014,1,KCA,AL,11,1,5,0,0,0,0,0,5,0,0,0,0,1,0,0,0,
wilkian01,2014,1,CHA,AL,17,43,2,6,2,0,0,2,0,0,2,22,0,0,0,0,1,
adamsla01,2014,1,KCA,AL,6,3,1,0,0,0,0,0,0,0,0,2,0,0,0,0,0,
garciyi01,2014,1,LAN,NL,8,1,0,0,0,0,0,0,0,0,0,0,0,0,0,0,0,
pederjo01,2014,1,LAN,NL,18,28,1,4,0,0,0,0,0,0,9,11,0,0,1,0,1,
spangco01,2014,1,SDN,NL,20,62,7,18,2,1,2,9,4,2,2,14,0,0,1,0,1,
ynoara01,2014,1,COL,NL,19,67,5,23,6,1,0,13,0,0,4,9,0,0,0,0,1,
mccanja02,2014,1,DET,AL,9,12,2,3,1,0,0,0,1,0,0,2,0,0,0,0,0,
moyast01,2014,1,DET,AL,11,8,2,3,0,0,0,0,0,0,0,2,0,0,0,0,0,
clarkma02,2014,1,MIL,NL,16,27,4,5,0,0,3,7,0,0,2,8,2,0,0,2,1,
francma02,2014,1,PHI,NL,16,56,5,10,2,0,0,5,0,0,1,13,0,0,0,1,1,
pompeda01,2014,1,TOR,AL,17,39,5,9,1,2,1,4,1,0,4,12,0,0,0,0,0,
lopezra02,2014,1,CHN,NL,7,11,0,2,0,0,0,1,0,0,2,4,0,0,0,1,0,
rogerja02,2014,1,MIL,NL,8,9,0,1,1,0,0,0,0,0,1,1,0,0,0,0,0,
brownga02,2014,1,SFN,NL,7,7,1,3,0,0,0,1,0,0,0,0,0,0,0,0,0,
dominch01,2014,1,SFN,NL,8,17,1,1,0,0,1,2,0,0,1,4,1,0,0,0,2,
rodriyo01,2014,1,CIN,NL,11,27,3,6,0,0,0,2,0,1,1,12,0,1,0,0,0,
scrugxa01,2014,1,SLN,NL,9,15,0,3,1,0,0,2,0,0,2,7,0,1,0,0,0,
omallsh01,2014,1,LAA,AL,11,16,3,3,0,0,0,1,2,0,0,8,0,0,0,0,0,
jokiser01,2014,1,CHN,NL,4,3,0,0,0,0,0,0,0,0,0,1,0,0,2,0,0,
phamth01,2014,1,SLN,NL,6,2,0,0,0,0,0,0,0,0,0,2,0,0,0,0,0,
rodrigu02,2014,1,TEX,AL,7,12,2,2,0,0,0,1,0,0,1,5,0,0,1,0,0,
tropeni01,2014,1,HOU,AL,4,1,0,0,0,0,0,0,0,0,1,0,0,0,0,0,0,
hestoch01,2014,1,SFN,NL,3,1,0,0,0,0,0,0,0,0,0,1,0,0,0,0,0,
brentbr01,2014,1,BOS,AL,9,26,5,8,2,0,0,2,0,0,0,9,0,0,0,0,0,
castiru01,2014,1,BOS,AL,10,36,6,12,1,0,2,6,3,0,3,6,0,1,0,0,0,
walkech02,2014,1,BAL,AL,6,18,1,3,1,0,1,1,0,0,1,9,0,0,0,0,0,
pireljo01,2014,1,NYA,AL,7,24,6,8,1,2,0,3,0,0,1,4,0,0,0,0,1,
